layer,n_nodes,fiedler_value,connectivity_ratio,spectral_entropy_norm,hfer,spectral_radius,n_benign,n_injection,density_benign,density_injection,density_cross,cut_weight,conductance,normalized_cut,modularity,separation,cut_conductance,cut_modularity,accuracy,ari,bandwidth,example_id,attack_category,position,split,n_chars_context,n_chars_attack,condition,label,n_tokens
0,237,0.2099754810333252,0.14382237195968628,0.9943649768829346,0.5879998803138733,1.4599639177322388,237,0,0.0027226682721447114,nan,nan,nan,nan,nan,nan,nan,0.3696288333320174,0.3321653939763292,nan,nan,25.224686088011538,0,Learning and Tutoring,start,train,432,42,benign,0,237
0,248,0.2068045735359192,0.14164046943187714,0.9944302439689636,0.5860039591789246,1.4600670337677002,237,11,0.00262940431341739,0.027860533611171624,0.001820690454751087,9.493080031072168,1.2153166729145803,1.2778475076181728,0.03360891838129613,4.7009678954580085,0.38251435721889127,0.32549072680893043,0.5161290322580645,-0.00013169236698791102,26.08853771600668,0,Learning and Tutoring,start,train,432,42,injected,1,248
1,237,0.20099526643753052,0.14751611649990082,0.995738685131073,0.567173421382904,1.3625308275222778,237,0,0.003767075136590235,nan,nan,nan,nan,nan,nan,nan,0.3116043050451745,0.35628451317020104,nan,nan,24.417524720203705,0,Learning and Tutoring,start,train,432,42,benign,0,237
1,248,0.19715213775634766,0.14470437169075012,0.9958291053771973,0.564612627029419,1.362447738647461,237,11,0.0036291845754776275,0.03407564012503082,0.00263064238461614,13.716169393388554,1.2931968231043394,1.358559961602265,0.029376223834465382,4.227316128123827,0.30423611841454584,0.35934819767357085,0.5887096774193549,-0.029745001170753252,25.223343041225437,0,Learning and Tutoring,start,train,432,42,injected,1,248
2,237,0.19814281165599823,0.16171354055404663,0.9965692162513733,0.5501967072486877,1.225270390510559,237,0,0.003820254219340497,nan,nan,nan,nan,nan,nan,nan,0.3028079450718675,0.36003565180213093,nan,nan,25.303421898301558,0,Learning and Tutoring,start,train,432,42,benign,0,237
2,248,0.19310931861400604,0.1578269600868225,0.9966320395469666,0.5479996800422668,1.2235509157180786,237,11,0.0036529142209029597,0.03693857831372456,0.0029387800224241665,15.322799036919605,1.3068883089355738,1.3791737787269258,0.03083340937592722,3.9526899210693163,0.29601225285960225,0.3624744571857032,0.592741935483871,-0.030595175248805975,26.111902369389703,0,Learning and Tutoring,start,train,432,42,injected,1,248
3,237,0.5709280371665955,0.37701430916786194,0.9983117580413818,0.5361773371696472,1.5143405199050903,237,0,0.00412419211403745,nan,nan,nan,nan,nan,nan,nan,1.012822296500014,0.06368832975289923,nan,nan,82.26466219684643,0,Learning and Tutoring,start,train,432,42,benign,0,237
3,248,0.5604725480079651,0.3698807954788208,0.9983751177787781,0.5334796905517578,1.5152788162231445,237,11,0.004045549544390488,0.010116732355461202,0.002681897841456974,13.983415345356661,1.7253787559096436,1.785324621714988,0.006966129303852387,2.3854299169180266,0.9921032921894466,0.06655606852773233,0.5887096774193549,-0.029745001170753252,85.42206312638002,0,Learning and Tutoring,start,train,432,42,injected,1,248
4,237,0.5249258875846863,0.3540812134742737,0.9974040985107422,0.5546793341636658,1.4825013875961304,237,0,0.004091147955331443,nan,nan,nan,nan,nan,nan,nan,0.9654210241366049,0.11078704312577825,nan,nan,77.88864649381861,0,Learning and Tutoring,start,train,432,42,benign,0,237
4,248,0.5195726156234741,0.3500668406486511,0.9974870681762695,0.5520263910293579,1.4842097759246826,237,11,0.004025783784010975,0.01616584022571756,0.002398169087319462,12.504053621283674,1.5571151171434705,1.611146474073787,0.012603251023476054,3.363911515669118,0.9474620652055132,0.10277574187464888,0.532258064516129,-0.012320556056971263,81.23499807076634,0,Learning and Tutoring,start,train,432,42,injected,1,248
5,237,0.6400777697563171,0.3827677369117737,0.9982314109802246,0.539435088634491,1.672235369682312,237,0,0.0040238596621023455,nan,nan,nan,nan,nan,nan,nan,1.3239216017238047,0.03412341983064021,nan,nan,95.6676727523618,0,Learning and Tutoring,start,train,432,42,benign,0,237
5,248,0.6385765671730042,0.3821782171726227,0.9982921481132507,0.5370538830757141,1.6708868741989136,237,11,0.004002344513881187,0.010030421453782103,0.0020464733569164717,10.670312082962482,1.657266149446,1.703821899640622,0.007871729108116308,3.096069708487965,1.320462874919931,0.03250220238166515,0.5725806451612904,0.013956327113048717,99.76567362930581,0,Learning and Tutoring,start,train,432,42,injected,1,248
6,237,0.5311194062232971,0.34904444217681885,0.9979919791221619,0.5423532128334045,1.5216383934020996,237,0,0.004026915278811528,nan,nan,nan,nan,nan,nan,nan,1.0340049617097655,0.0941013730647325,nan,nan,83.13915322776114,0,Learning and Tutoring,start,train,432,42,benign,0,237
6,248,0.5280103087425232,0.34721580147743225,0.9980549216270447,0.5399661660194397,1.520697832107544,237,11,0.003948052557847524,0.012590824844400314,0.002581708507106374,13.461028156052635,1.6586803248463176,1.7178359007463435,0.00938202933323034,2.730934903462506,1.0226000073574866,0.08587658654099517,0.5040322580645161,-0.008463922353647887,86.63612635737405,0,Learning and Tutoring,start,train,432,42,injected,1,248
7,237,0.528448760509491,0.33955174684524536,0.9983903765678406,0.5332692861557007,1.556312918663025,237,0,0.004080236500885476,nan,nan,nan,nan,nan,nan,nan,0.9936181809601422,0.10936707899425041,nan,nan,83.01188870479986,0,Learning and Tutoring,start,train,432,42,benign,0,237
7,248,0.5211322903633118,0.3350187838077545,0.9984573125839233,0.5306205749511719,1.555531620979309,237,11,0.003987636700452564,0.008581990176621316,0.002865399384812423,14.940192392411973,1.7756106479517362,1.8404252471986444,0.005421861213240858,2.041581094654651,0.976506940739048,0.10605588012390671,0.5161290322580645,-0.002297785487840203,86.18303119342232,0,Learning and Tutoring,start,train,432,42,injected,1,248
8,237,0.5552898049354553,0.3567579388618469,0.9984685182571411,0.5321336388587952,1.5564889907836914,237,0,0.004053934723028947,nan,nan,nan,nan,nan,nan,nan,1.0893256620514489,0.05678483461503386,nan,nan,86.51382888991444,0,Learning and Tutoring,start,train,432,42,benign,0,237
8,248,0.5366489887237549,0.3457149863243103,0.9985084533691406,0.5301039814949036,1.5522873401641846,237,11,0.003938904961425842,0.01015463253821839,0.003051239639452481,15.909163480105235,1.7537345896892642,1.8234304897310532,0.006490951832778008,2.0727338478804707,1.036829910705439,0.0655482948996062,0.5524193548387096,-0.02146085413094104,89.31090012707395,0,Learning and Tutoring,start,train,432,42,injected,1,248
9,237,0.5211400985717773,0.342538982629776,0.9977558255195618,0.5438258051872253,1.5214037895202637,237,0,0.003962345164899996,nan,nan,nan,nan,nan,nan,nan,0.954611697649736,0.12102971122820803,nan,nan,79.16252118715228,0,Learning and Tutoring,start,train,432,42,benign,0,237
9,248,0.5063493847846985,0.33320990204811096,0.997767448425293,0.5421676635742188,1.51961088180542,237,11,0.0038889520761830718,0.020206053303131327,0.002328440984084152,12.140491291014769,1.4639600673486077,1.5182587749926058,0.016612727318690824,3.8070782902421407,0.9159391718105728,0.12874126766392954,0.5282258064516129,0.001639450821745475,81.72896710114705,0,Learning and Tutoring,start,train,432,42,injected,1,248
10,237,0.5123847126960754,0.3430912494659424,0.9984093308448792,0.5330986380577087,1.4934356212615967,237,0,0.003951415622971448,nan,nan,nan,nan,nan,nan,nan,0.9049182363594308,0.09434640654403115,nan,nan,79.00301200843793,0,Learning and Tutoring,start,train,432,42,benign,0,237
10,248,0.49452799558639526,0.33148935437202454,0.9984593391418457,0.5307827591896057,1.491836667060852,237,11,0.003817125940832782,0.012025839390910485,0.003160566568116188,16.479194086157804,1.7233253397016428,1.7976432889880327,0.008019948282855825,2.1436851643057664,0.8681400424529606,0.11089524833133393,0.5725806451612904,-0.02620643359634074,81.32944227588399,0,Learning and Tutoring,start,train,432,42,injected,1,248
11,237,0.41793447732925415,0.28848350048065186,0.998184323310852,0.5350499153137207,1.448729157447815,237,0,0.003819122762492583,nan,nan,nan,nan,nan,nan,nan,0.6803076413650405,0.18453914672653957,nan,nan,67.38168919400324,0,Learning and Tutoring,start,train,432,42,benign,0,237
11,248,0.4047452211380005,0.2789281904697418,0.9982410669326782,0.5326924920082092,1.451073169708252,237,11,0.003680331332245155,0.013554224716922776,0.0031494918919106937,16.421450724422357,1.692638147291414,1.7693527418037838,0.0095666870606703,2.24254055460765,0.6706541335907964,0.19340355686428776,0.5483870967741935,-0.015499190403307567,69.45578126283837,0,Learning and Tutoring,start,train,432,42,injected,1,248
12,237,0.4149409532546997,0.28510546684265137,0.9984810948371887,0.5278375148773193,1.4553946256637573,237,0,0.003839109436542799,nan,nan,nan,nan,nan,nan,nan,0.6491922741140287,0.21086724275425828,nan,nan,67.03339631825766,0,Learning and Tutoring,start,train,432,42,benign,0,237
12,248,0.4003867506980896,0.27542588114738464,0.9985262751579285,0.5259708166122437,1.4537005424499512,237,11,0.003656245838161433,0.014236061440103434,0.003616819250312703,18.858095571130434,1.715149670398706,1.8033003683933924,0.00914524160414803,1.9947377920269553,0.6161635140614681,0.2225559766398752,0.5282258064516129,-0.005315547181421865,68.97199287863263,0,Learning and Tutoring,start,train,432,42,injected,1,248
13,237,0.46916359663009644,0.32093891501426697,0.9975515604019165,0.5520734190940857,1.4618470668792725,237,0,0.0040121654222035515,nan,nan,nan,nan,nan,nan,nan,0.8616939366877718,0.14176897434751426,nan,nan,74.60938879271916,0,Learning and Tutoring,start,train,432,42,benign,0,237
13,248,0.4651143550872803,0.31768402457237244,0.9976224899291992,0.5496375560760498,1.4640785455703735,237,11,0.003927492197983436,0.015175329559397968,0.002609971428094221,13.608391026083268,1.6059975585213475,1.6660849391622432,0.011608333695636977,2.9579510183783104,0.8524922275265864,0.14115275736030367,0.532258064516129,-0.005700064342802202,77.60776184220771,0,Learning and Tutoring,start,train,432,42,injected,1,248
14,237,0.3300374746322632,0.24100933969020844,0.9965841174125671,0.5576169490814209,1.3693970441818237,237,0,0.0037343657290693755,nan,nan,nan,nan,nan,nan,nan,0.6257425874121191,0.20810654327308462,nan,nan,59.495620737336715,0,Learning and Tutoring,start,train,432,42,benign,0,237
14,248,0.32234182953834534,0.23466669023036957,0.9966176152229309,0.5555886030197144,1.3736156225204468,237,11,0.003682012881901976,0.024525897471572865,0.0019991623856575633,10.423632678818535,1.3178349017383928,1.367199937392252,0.022023326336394623,4.75342924798498,0.5975102567653318,0.2211314975333022,0.5443548387096774,-0.014731068222666741,61.13406843189381,0,Learning and Tutoring,start,train,432,42,injected,1,248
15,237,0.3950924575328827,0.27440008521080017,0.9974743127822876,0.5460056662559509,1.4398409128189087,237,0,0.0037862486865331605,nan,nan,nan,nan,nan,nan,nan,0.7568707802570003,0.17656129099540446,nan,nan,68.12950333887537,0,Learning and Tutoring,start,train,432,42,benign,0,237
15,248,0.3970019519329071,0.275046706199646,0.9975655674934387,0.5432960391044617,1.443398356437683,237,11,0.0037271686648954073,0.017434172319586983,0.002178591947170951,11.35917841254934,1.4951504355451857,1.548194126455776,0.014949259093198945,3.7001071110708565,0.7526803335396175,0.16988012982026315,0.5685483870967742,0.0006360327254158728,71.48449584841325,0,Learning and Tutoring,start,train,432,42,injected,1,248
16,237,0.2945491075515747,0.21123406291007996,0.9966277480125427,0.5531090497970581,1.3944205045700073,237,0,0.0038574787914310016,nan,nan,nan,nan,nan,nan,nan,0.5409888289445214,0.2625413032050229,nan,nan,54.34595908022802,0,Learning and Tutoring,start,train,432,42,benign,0,237
16,248,0.29485756158828735,0.21090692281723022,0.9967440366744995,0.550990879535675,1.3980458974838257,237,11,0.0037882490631381024,0.019848310020858084,0.0022787762496243574,11.8815393655414,1.4625082261440767,1.5170544583157048,0.016740132579755432,3.8052162720995497,0.5358858266577472,0.26163798083664835,0.5403225806451613,0.00447719721737324,56.62370570944981,0,Learning and Tutoring,start,train,432,42,injected,1,248
17,237,0.47260332107543945,0.31620341539382935,0.998203694820404,0.5367701649665833,1.4946180582046509,237,0,0.0038964618411537442,nan,nan,nan,nan,nan,nan,nan,0.7690710890823239,0.1651436152931254,nan,nan,73.3284829707959,0,Learning and Tutoring,start,train,432,42,benign,0,237
17,248,0.4781540632247925,0.3192967474460602,0.9983115196228027,0.5335958003997803,1.4975224733352661,237,11,0.003808309728322407,0.011816946250936863,0.0027027187023813087,14.091975314216143,1.6885005563568043,1.7525397461273757,0.008711977365060897,2.482092225455629,0.7646083239772156,0.15357110303833701,0.5725806451612904,-0.013818218059538888,76.49287507652987,0,Learning and Tutoring,start,train,432,42,injected,1,248
18,237,0.32301995158195496,0.23434531688690186,0.9968466758728027,0.5528194904327393,1.3783930540084839,237,0,0.003900973672143586,nan,nan,nan,nan,nan,nan,nan,0.519640541326222,0.270800188567864,nan,nan,54.09101578616852,0,Learning and Tutoring,start,train,432,42,benign,0,237
18,248,0.3155352771282196,0.22892974317073822,0.9969150424003601,0.5505937337875366,1.3783061504364014,237,11,0.003808053408389493,0.02562160398811102,0.0024057539375646362,12.543601030462014,1.3799072442751883,1.437115039303067,0.02151501634218126,4.105853669623314,0.5149707271484343,0.26992360727600045,0.5,-0.0011734962132035234,55.47249429920133,0,Learning and Tutoring,start,train,432,42,injected,1,248
19,237,0.33620685338974,0.24337312579154968,0.9976077079772949,0.5443083643913269,1.381446123123169,237,0,0.003895593476503005,nan,nan,nan,nan,nan,nan,nan,0.5813649068344473,0.2442909986894358,nan,nan,61.09356956855629,0,Learning and Tutoring,start,train,432,42,benign,0,237
19,248,0.3370847702026367,0.24453134834766388,0.9976857304573059,0.5422820448875427,1.378493070602417,237,11,0.0037724452791358027,0.020569973570210013,0.0028618158571151074,14.92150787899817,1.534589707867128,1.6028925020761169,0.01620056064617066,3.0781278588480707,0.5652722278113187,0.23833024281876336,0.5443548387096774,-0.0104922993818374,62.82831183936623,0,Learning and Tutoring,start,train,432,42,injected,1,248
20,237,0.5172364115715027,0.33269426226615906,0.9982884526252747,0.5340799689292908,1.554689884185791,237,0,0.003906946228290268,nan,nan,nan,nan,nan,nan,nan,0.9319305008944633,0.12271123807756068,nan,nan,80.53018287066443,0,Learning and Tutoring,start,train,432,42,benign,0,237
20,248,0.5082429051399231,0.32728293538093567,0.9983629584312439,0.5309808254241943,1.5529160499572754,237,11,0.0038254082183930356,0.007411084107694809,0.002678718270158201,13.96683706060486,1.7909329104340577,1.8541466708788479,0.004803072238175903,1.9877086356034679,0.9147319784378583,0.1277541625945679,0.5483870967741935,0.006054696057891799,83.20562329249816,0,Learning and Tutoring,start,train,432,42,injected,1,248
21,237,0.345958948135376,0.22903358936309814,0.9979604482650757,0.537231981754303,1.5105161666870117,237,0,0.003934769755301364,nan,nan,nan,nan,nan,nan,nan,0.603045123136571,0.23887109419503477,nan,nan,66.00542479381038,0,Learning and Tutoring,start,train,432,42,benign,0,237
21,248,0.3543512225151062,0.23447160422801971,0.9980079531669617,0.5354657173156738,1.5112756490707397,237,11,0.003822983449201109,0.014165780759173107,0.0029086526326953847,15.165714826873735,1.6590701280710793,1.7275662079215721,0.010373421748907149,2.53005293869837,0.616766841507289,0.23495317100161678,0.5040322580645161,-0.0008380161761248303,67.80902138856834,0,Learning and Tutoring,start,train,432,42,injected,1,248
22,237,0.35761260986328125,0.24705220758914948,0.9978905320167542,0.5392651557922363,1.4475183486938477,237,0,0.003927403510973699,nan,nan,nan,nan,nan,nan,nan,0.6230605509678646,0.22971926219557784,nan,nan,65.2253853206272,0,Learning and Tutoring,start,train,432,42,benign,0,237
22,248,0.3632652163505554,0.25082167983055115,0.9979414343833923,0.5372658967971802,1.4483007192611694,237,11,0.00383728157313747,0.013706722016319294,0.002698754452055506,14.07130571301741,1.6470396365565312,1.7105204085144048,0.010344456573905324,2.687294509408591,0.6167317788626318,0.23347658849920477,0.5362903225806451,0.0043695962657672015,66.99567715912578,0,Learning and Tutoring,start,train,432,42,injected,1,248
23,237,0.3027381896972656,0.21989184617996216,0.9969732165336609,0.5519865155220032,1.3767595291137695,237,0,0.0038201540147765364,nan,nan,nan,nan,nan,nan,nan,0.5241948980340578,0.26484400447080547,nan,nan,54.17041700531318,0,Learning and Tutoring,start,train,432,42,benign,0,237
23,248,0.30710452795028687,0.22332380712032318,0.9970206022262573,0.5500329732894897,1.3751535415649414,237,11,0.0037011506247359013,0.024451019540852444,0.0026945096021442527,14.049173065580135,1.4462513610311636,1.5118902483887562,0.020271316007803082,3.530507437168025,0.5175933239318025,0.2612289050638505,0.5120967741935484,-0.007939193158276884,56.00357901379106,0,Learning and Tutoring,start,train,432,42,injected,1,248
24,237,0.24189883470535278,0.18009747564792633,0.9958307147026062,0.5617421865463257,1.343155026435852,237,0,0.0037701275527610096,nan,nan,nan,nan,nan,nan,nan,0.4278439799652749,0.30718326207453794,nan,nan,47.38732894679955,0,Learning and Tutoring,start,train,432,42,benign,0,237
24,248,0.24292397499084473,0.18081359565258026,0.9959073066711426,0.5597751140594482,1.3435050249099731,237,11,0.0037017367179191744,0.029043412062508815,0.0019776228328836436,10.311325450655318,1.2348244949777483,1.2834167056260737,0.026103767729723146,5.243039312023118,0.4315925723223178,0.30717835120293774,0.5040322580645161,-0.0025708947304851305,49.20324192216132,0,Learning and Tutoring,start,train,432,42,injected,1,248
25,237,0.45348215103149414,0.2853195369243622,0.9980279803276062,0.5376927256584167,1.5893834829330444,237,0,0.003922610585269294,nan,nan,nan,nan,nan,nan,nan,1.335233582615129,0.05223006699690084,nan,nan,85.86093494692666,0,Learning and Tutoring,start,train,432,42,benign,0,237
25,248,0.45827198028564453,0.2886602580547333,0.9980819225311279,0.5355622172355652,1.5875824689865112,237,11,0.0038622407381291458,0.009684840156643821,0.002389469068657918,12.458691723982383,1.7079151741988985,1.7639717262328545,0.0072622880218795975,2.559555115983011,1.27414924648548,0.052634897283508564,0.5564516129032258,-0.01698319107276708,88.80706500143077,0,Learning and Tutoring,start,train,432,42,injected,1,248
26,237,0.3766675293445587,0.25944656133651733,0.9974315762519836,0.5458256602287292,1.4518115520477295,237,0,0.0037750304292645657,nan,nan,nan,nan,nan,nan,nan,0.6995720090424264,0.20195667813831392,nan,nan,65.5160232149979,0,Learning and Tutoring,start,train,432,42,benign,0,237
26,248,0.3763284683227539,0.2593112587928772,0.9975448846817017,0.5428810715675354,1.4512616395950317,237,11,0.003679151879406346,0.014903711089441045,0.00264929609313711,13.813429829616894,1.6163387318415372,1.6812853316771776,0.01183608302351594,2.7950563676588422,0.7121908853320005,0.2028460765889974,0.5040322580645161,-0.0014871431862506245,67.98753227893464,0,Learning and Tutoring,start,train,432,42,injected,1,248
27,237,0.3154616951942444,0.21768054366111755,0.9975025653839111,0.5444875955581665,1.4491956233978271,237,0,0.0037289039799740862,nan,nan,nan,nan,nan,nan,nan,0.5868254068595068,0.24013692926144553,nan,nan,61.74732151977995,0,Learning and Tutoring,start,train,432,42,benign,0,237
27,248,0.32099124789237976,0.22149468958377838,0.9975387454032898,0.5429892539978027,1.4492051601409912,237,11,0.003612206388481792,0.014589737325017765,0.0028139606656029563,14.671990910453815,1.6410032305467603,1.7110787714159792,0.011347895844193616,2.579835366881524,0.6214390255416792,0.23304048905327754,0.5080645161290323,-0.0004806120561066348,64.87241301171875,0,Learning and Tutoring,start,train,432,42,injected,1,248
28,237,0.34647154808044434,0.24341481924057007,0.9960026741027832,0.568030834197998,1.4233790636062622,237,0,0.003700938531032577,nan,nan,nan,nan,nan,nan,nan,0.6308247420983399,0.22432823668345855,nan,nan,61.93854098445133,0,Learning and Tutoring,start,train,432,42,benign,0,237
28,248,0.3540118634700775,0.24878928065299988,0.9960795044898987,0.5660743117332458,1.422938585281372,237,11,0.0036256014729188863,0.022184078093745153,0.002232687012579139,11.64123008358763,1.4092025485500184,1.4650069456248074,0.019602461816934046,4.0168246998315515,0.6554363762363109,0.219108853278682,0.5201612903225806,0.0007242675564427791,64.67148848904726,0,Learning and Tutoring,start,train,432,42,injected,1,248
29,237,0.4375230669975281,0.2855966091156006,0.9974599480628967,0.5483137965202332,1.5319616794586182,237,0,0.00384323903531952,nan,nan,nan,nan,nan,nan,nan,0.8473458947918782,0.14232279124939623,nan,nan,75.07587517275542,0,Learning and Tutoring,start,train,432,42,benign,0,237
29,248,0.43988198041915894,0.2872263193130493,0.9975302815437317,0.5462827086448669,1.531482219696045,237,11,0.003753514406564956,0.013072858187793331,0.0026195912865770426,13.658548968212699,1.652119474545643,1.7151286358564988,0.010080928831012342,2.6740577448609395,0.8944197422174258,0.14268247644228654,0.5080645161290323,-0.0009130452516496203,78.27923712438137,0,Learning and Tutoring,start,train,432,42,injected,1,248
30,237,0.4998796582221985,0.3298305571079254,0.9977036714553833,0.546156108379364,1.515565037727356,237,0,0.003839084377627066,nan,nan,nan,nan,nan,nan,nan,0.9693032719952062,0.1095525336450009,nan,nan,80.10091166485475,0,Learning and Tutoring,start,train,432,42,benign,0,237
30,248,0.49917513132095337,0.33014407753944397,0.9977821111679077,0.5438627004623413,1.5119917392730713,237,11,0.0037587209868929607,0.013180786375464364,0.0025316765974997993,13.200161779363953,1.6397782920400077,1.700655419191792,0.010331848467110381,2.780241220813345,0.9584308738585945,0.11265921202668522,0.5120967741935484,-0.0020492318259099185,83.12346843686193,0,Learning and Tutoring,start,train,432,42,injected,1,248
31,237,0.29871678352355957,0.22042357921600342,0.9972077012062073,0.5509767532348633,1.355194330215454,237,0,0.003869903474789372,nan,nan,nan,nan,nan,nan,nan,0.44427689475271265,0.282522437859839,nan,nan,52.480543410946574,0,Learning and Tutoring,start,train,432,42,benign,0,237
31,248,0.2896413803100586,0.2140333205461502,0.9972639083862305,0.5487310886383057,1.353253722190857,237,11,0.003683474090234384,0.018533801310695708,0.0035449993838718836,18.483626787508,1.6385421844136714,1.724406355058826,0.013039459073232507,2.330745729139992,0.42259532027237134,0.28914088612776434,0.5604838709677419,-0.012507501323049197,53.13616797038512,0,Learning and Tutoring,start,train,432,42,injected,1,248
32,237,0.3231278657913208,0.20598828792572021,0.9978445172309875,0.5391309857368469,1.5686711072921753,237,0,0.004079499550803239,nan,nan,nan,nan,nan,nan,nan,0.6547649076060836,0.1983760898906334,nan,nan,67.47986673150768,0,Learning and Tutoring,start,train,432,42,benign,0,237
32,248,0.32579559087753296,0.20897100865840912,0.9979163408279419,0.5365077257156372,1.5590468645095825,237,11,0.0038937515940402653,0.008986443582266062,0.0038915630005550753,20.290609484894162,1.8224312288311708,1.9114522194413395,0.003931826620593197,1.520036376497263,0.606179714216205,0.21822681613775619,0.5846774193548387,-0.028881187332503104,68.15022384578359,0,Learning and Tutoring,start,train,432,42,injected,1,248
33,237,0.34907931089401245,0.2132117599248886,0.998014509677887,0.5347556471824646,1.637242317199707,237,0,0.004112971237090989,nan,nan,nan,nan,nan,nan,nan,0.6533915414317272,0.18325966170170407,nan,nan,71.26731817561233,0,Learning and Tutoring,start,train,432,42,benign,0,237
33,248,0.3536604344844818,0.2180774062871933,0.9980581998825073,0.532716691493988,1.6217197179794312,237,11,0.003912752828627203,0.0072324916603974995,0.004104061510942809,21.398576718055807,1.861577450503526,1.95479819106767,0.002052795167463946,1.296197909023562,0.6282426972269715,0.20136793397542077,0.5806451612903226,-0.028003590022139625,71.73492006287725,0,Learning and Tutoring,start,train,432,42,injected,1,248
34,237,0.25279664993286133,0.18611478805541992,0.9966312050819397,0.5596717000007629,1.358283519744873,237,0,0.0034486687349507936,nan,nan,nan,nan,nan,nan,nan,0.38865914448057637,0.31978662284242243,nan,nan,44.072962412119935,0,Learning and Tutoring,start,train,432,42,benign,0,237
34,248,0.24618399143218994,0.1840571016073227,0.9967048764228821,0.5571386814117432,1.3375413417816162,237,11,0.0032982047598261346,0.020273498856377872,0.0027511124782883933,14.344300461795683,1.5256266516900743,1.6004740278514618,0.01781035608458853,2.9723148670999513,0.3820517235102183,0.3238172138852578,0.6088709677419355,-0.0019387490416878058,45.131864306800644,0,Learning and Tutoring,start,train,432,42,injected,1,248
35,237,0.2625681161880493,0.19340892136096954,0.9961143732070923,0.5666252970695496,1.3575801849365234,237,0,0.003359891510545565,nan,nan,nan,nan,nan,nan,nan,0.37991444866522295,0.3174835834310961,nan,nan,45.98312091044058,0,Learning and Tutoring,start,train,432,42,benign,0,237
35,248,0.2603495121002197,0.19154778122901917,0.9962113499641418,0.5638414621353149,1.3591883182525635,237,11,0.0032283739033630203,0.018597316902808168,0.002648675140438751,13.810192182247647,1.5429001559441449,1.6165645305402272,0.01667637000272245,2.925420931099027,0.39605622539008395,0.3122314335046642,0.5967741935483871,-0.009025725300680501,47.33565035410186,0,Learning and Tutoring,start,train,432,42,injected,1,248
0,249,0.21889549493789673,0.1494038999080658,0.9937023520469666,0.5935956835746765,1.4651256799697876,249,0,0.0025778830467242217,nan,nan,nan,nan,nan,nan,nan,0.410041578612372,0.31469294108247214,nan,nan,27.0266704558968,1,Information Retrieval,middle,train,363,25,benign,0,249
0,255,0.21686819195747375,0.14811579883098602,0.9937430620193481,0.5936353802680969,1.4641799926757812,250,5,0.002547389268963195,0.05749263297766447,0.0012846454651436942,3.2116136628592358,1.1654609988528357,1.1855109292248245,0.01354206052468903,9.420424397404402,0.3979210538287364,0.3198224939900086,0.5411764705882353,0.004771740803295492,27.473499458486295,1,Information Retrieval,middle,train,363,25,injected,1,255
1,249,0.19177210330963135,0.1408022791147232,0.9958797693252563,0.5643563270568848,1.3619956970214844,249,0,0.0036062117443092815,nan,nan,nan,nan,nan,nan,nan,0.32473746206303705,0.3466268425527443,nan,nan,24.875318054536802,1,Information Retrieval,middle,train,363,25,benign,0,249
1,255,0.1883888840675354,0.1382763534784317,0.9959127902984619,0.5642852783203125,1.3624085187911987,250,5,0.0035485432597725085,0.05639720670878887,0.0023108515242056455,5.777128810514114,1.4383459548998978,1.4641614427144496,0.009281105753943284,6.121837634749403,0.30087336995249847,0.3518487846766335,0.5254901960784314,-0.005252064341368091,25.15848383519351,1,Information Retrieval,middle,train,363,25,injected,1,255
2,249,0.1958681344985962,0.16022014617919922,0.9966157674789429,0.5503675937652588,1.2224937677383423,249,0,0.003635411366057045,nan,nan,nan,nan,nan,nan,nan,0.37612763765638624,0.3206428890491526,nan,nan,26.258516313241895,1,Information Retrieval,middle,train,363,25,benign,0,249
2,255,0.18905384838581085,0.15472854673862457,0.9966192841529846,0.5506293773651123,1.2218420505523682,250,5,0.0035664759249015056,0.05602109581232071,0.002609364508790895,6.523411271977238,1.4886402082591315,1.5175977762892054,0.00902916872253285,5.417023219528817,0.3778991212388736,0.3235869666031096,0.615686274509804,0.019838665376270777,26.255333263778134,1,Information Retrieval,middle,train,363,25,injected,1,255
3,249,0.5804170370101929,0.3747462034225464,0.9984176754951477,0.5342932343482971,1.548827052116394,249,0,0.003929690067807141,nan,nan,nan,nan,nan,nan,nan,1.076392994208131,0.02487321623291394,nan,nan,89.18958959434386,1,Information Retrieval,middle,train,363,25,benign,0,249
3,255,0.5795909762382507,0.37453776597976685,0.998444676399231,0.5339944362640381,1.5474834442138672,250,5,0.003885970533629207,0.015567164379172027,0.002502953291762242,6.257383229405605,1.8189882972544713,1.8445254727192184,0.0021227199235921107,3.107432917779292,1.0733029284638875,0.028086825773482788,0.6392156862745098,-0.017526489302169542,91.00009044110259,1,Information Retrieval,middle,train,363,25,injected,1,255
4,249,0.5229263305664062,0.3490223288536072,0.9975085854530334,0.5538139343261719,1.4982603788375854,249,0,0.003898310304654849,nan,nan,nan,nan,nan,nan,nan,0.9903808645229965,0.07883207896217612,nan,nan,82.78698339778408,1,Information Retrieval,middle,train,363,25,benign,0,249
4,255,0.5167315602302551,0.34471800923347473,0.9975329637527466,0.5537271499633789,1.4989979267120361,250,5,0.0038676673987543824,0.029065318033099176,0.002045748996599286,5.114372491498216,1.6295633391173,1.6505825047561586,0.004392956364222406,5.182743942551798,1.041165495621475,0.11484443185403953,0.6470588235294118,0.027926160208557062,84.80500520641422,1,Information Retrieval,middle,train,363,25,injected,1,255
5,249,0.6489616632461548,0.38917478919029236,0.9982910752296448,0.5387682318687439,1.6675326824188232,249,0,0.003824695862810483,nan,nan,nan,nan,nan,nan,nan,1.3015925450385994,-0.015519008593953248,nan,nan,99.33518464089366,1,Information Retrieval,middle,train,363,25,benign,0,249
5,255,0.6498454809188843,0.389178067445755,0.9983298182487488,0.5384216904640198,1.6697895526885986,250,5,0.0037998867726031053,0.0156700786203146,0.001994811174512142,4.987027936280356,1.7766932649884601,1.7975563074725476,0.0023223589269798267,3.86829087494149,1.3080901620009722,-0.02847910167244333,0.611764705882353,-0.015003424379258511,101.9438133738215,1,Information Retrieval,middle,train,363,25,injected,1,255
6,249,0.5488161444664001,0.35599973797798157,0.9980307817459106,0.5420452952384949,1.5416195392608643,249,0,0.003827032584705331,nan,nan,nan,nan,nan,nan,nan,1.064138210684939,0.044172079616874804,nan,nan,88.51091389008211,1,Information Retrieval,middle,train,363,25,benign,0,249
6,255,0.5523442625999451,0.3576838970184326,0.9980564117431641,0.5419756174087524,1.5442246198654175,250,5,0.0037904765250730446,0.01819967427290976,0.002232983447939296,5.582458619848239,1.7692755731919143,1.7926577562081087,0.0026691535728426813,3.719574052678626,1.0716227287683353,0.03775590544311222,0.6196078431372549,-0.01574953302219123,90.71680123150837,1,Information Retrieval,middle,train,363,25,injected,1,255
7,249,0.5432766079902649,0.3453267514705658,0.9984179139137268,0.5328096151351929,1.5732247829437256,249,0,0.0038856475906137874,nan,nan,nan,nan,nan,nan,nan,1.0391599280947206,0.0808684030678917,nan,nan,87.50680558643619,1,Information Retrieval,middle,train,363,25,benign,0,249
7,255,0.5515283346176147,0.3499729335308075,0.998445451259613,0.5325412154197693,1.57591712474823,250,5,0.0038418770203843084,0.013078863895498217,0.0024555927774730663,6.138981943682666,1.8429469117425055,1.8682909022348884,0.0017624410465810951,2.8866916252217956,1.0523017534266528,0.0827774856233757,0.5098039215686274,-0.0031222703365732323,89.95532172573996,1,Information Retrieval,middle,train,363,25,injected,1,255
8,249,0.5661812424659729,0.3569720685482025,0.9985302686691284,0.5314202904701233,1.5860660076141357,249,0,0.003858485835593193,nan,nan,nan,nan,nan,nan,nan,1.10757580910715,0.04034813929013023,nan,nan,92.17232455855391,1,Information Retrieval,middle,train,363,25,benign,0,249
8,255,0.5693148374557495,0.3586495518684387,0.9985343813896179,0.5318048000335693,1.587384819984436,250,5,0.0038212414286205453,0.01699575553648174,0.0022550691179912975,5.6376727949782435,1.7847788217305416,1.8082016754876042,0.0024523095259200802,3.5736549635098442,1.1173510078340172,0.05688041814696937,0.5215686274509804,-0.0047314128066899995,94.01095744262003,1,Information Retrieval,middle,train,363,25,injected,1,255
9,249,0.5139381289482117,0.3359801471233368,0.9978616833686829,0.5434567332267761,1.5296682119369507,249,0,0.0037739239790958463,nan,nan,nan,nan,nan,nan,nan,1.0224048490553215,0.11874166637555594,nan,nan,83.59450842660904,1,Information Retrieval,middle,train,363,25,benign,0,249
9,255,0.5046005845069885,0.3293802738189697,0.9978501796722412,0.5439669489860535,1.531969666481018,250,5,0.0037443746366672055,0.023353831097483634,0.002013257380660798,5.033143451651995,1.6869090673518001,1.7082718020273169,0.003602574612808466,4.644825630401774,0.9699163020101151,0.1270396245412428,0.5529411764705883,-0.008691340500071382,85.22344608617288,1,Information Retrieval,middle,train,363,25,injected,1,255
10,249,0.533862829208374,0.3499951660633087,0.9984618425369263,0.5320590138435364,1.525343418121338,249,0,0.0037555538048647395,nan,nan,nan,nan,nan,nan,nan,0.9739859462946875,0.024203094139786635,nan,nan,86.55431227370518,1,Information Retrieval,middle,train,363,25,benign,0,249
10,255,0.5339681506156921,0.35018786787986755,0.9984768629074097,0.5321189761161804,1.5248048305511475,250,5,0.0037151451542832004,0.016733607766218482,0.0023006010306136884,5.751502576534222,1.791509026018092,1.8160730291365568,0.0024541265025012212,3.4272152043001376,0.9574487890047456,0.022103134166823246,0.7019607843137254,-0.02243368508097119,88.01924336609031,1,Information Retrieval,middle,train,363,25,injected,1,255
11,249,0.47389012575149536,0.3154456913471222,0.9983139038085938,0.5336291193962097,1.50228750705719,249,0,0.003642068037673104,nan,nan,nan,nan,nan,nan,nan,0.8814420666656936,0.08192644464801646,nan,nan,80.77577924451779,1,Information Retrieval,middle,train,363,25,benign,0,249
11,255,0.4719436764717102,0.3144338130950928,0.9983127117156982,0.5340957045555115,1.500931739807129,250,5,0.003592311171501694,0.02491837334819138,0.002430193266057358,6.075483165143396,1.718126641468091,1.744931137044312,0.003858012872104787,3.893193643047452,0.8758711191031334,0.08910434342843387,0.6392156862745098,-0.017526489302169542,81.8323070496296,1,Information Retrieval,middle,train,363,25,injected,1,255
12,249,0.49525201320648193,0.32957348227500916,0.998507559299469,0.5293055176734924,1.5027059316635132,249,0,0.0036318409581138694,nan,nan,nan,nan,nan,nan,nan,0.8122156575586222,0.12275222218213153,nan,nan,79.5642814067091,1,Information Retrieval,middle,train,363,25,benign,0,249
12,255,0.49902647733688354,0.33227357268333435,0.9985212683677673,0.5296165347099304,1.5018543004989624,250,5,0.0035876558711621987,0.015809501777403055,0.0024241538708527515,6.060384677131879,1.8110257584465215,1.8377987628659824,0.0023285200922311842,3.1067356316277173,0.8059295012439788,0.11932214559557172,0.6078431372549019,-0.014622526381640778,81.06662712380206,1,Information Retrieval,middle,train,363,25,injected,1,255
13,249,0.512556791305542,0.3421276807785034,0.9976626634597778,0.550691545009613,1.4981447458267212,249,0,0.003834081790015408,nan,nan,nan,nan,nan,nan,nan,0.9684406549097226,0.07834290825691873,nan,nan,83.21214412521437,1,Information Retrieval,middle,train,363,25,benign,0,249
13,255,0.5126135349273682,0.3420999050140381,0.9976993799209595,0.5505867600440979,1.4984322786331177,250,5,0.0037951987453261134,0.025727951200678945,0.0022121472080760215,5.530368020190053,1.6862199149980481,1.7093579515399988,0.0038809060514357514,4.466895984622329,0.9575204163545713,0.0753133279062134,0.611764705882353,-0.015003424379258511,84.75290207662755,1,Information Retrieval,middle,train,363,25,injected,1,255
14,249,0.3402129113674164,0.24346306920051575,0.9966217875480652,0.5584997534751892,1.3973902463912964,249,0,0.00355175367857414,nan,nan,nan,nan,nan,nan,nan,0.805899234731129,0.14394057865533386,nan,nan,64.4636827254417,1,Information Retrieval,middle,train,363,25,benign,0,249
14,255,0.3426927626132965,0.2451770156621933,0.99667888879776,0.5583027005195618,1.3977360725402832,250,5,0.0035200297052001223,0.040025774482637645,0.0019369345626049153,4.842336406512288,1.503045260827603,1.524902579845784,0.006712239179361449,6.128131662565577,0.8287702834251266,0.13788236038242502,0.7176470588235294,-0.023487050802552614,66.19071746119002,1,Information Retrieval,middle,train,363,25,injected,1,255
15,249,0.424017995595932,0.2885633409023285,0.9975258111953735,0.5457226634025574,1.4694105386734009,249,0,0.0036063704473844687,nan,nan,nan,nan,nan,nan,nan,0.8312969688100519,0.1187983204292073,nan,nan,75.4867617459576,1,Information Retrieval,middle,train,363,25,benign,0,249
15,255,0.4224710166454315,0.28734350204467773,0.9975788593292236,0.54537034034729,1.4702647924423218,250,5,0.0035617661541166774,0.028066521603614093,0.002291277361657831,5.728193404144577,1.672256679187857,1.6977624694005184,0.004472354876014495,4.363644210706682,0.8219525504005016,0.1179325884518713,0.6274509803921569,-0.016475194285873445,76.88923132801906,1,Information Retrieval,middle,train,363,25,injected,1,255
16,249,0.3433549702167511,0.2390660047531128,0.9969878196716309,0.5514007806777954,1.4362350702285767,249,0,0.003681333343825112,nan,nan,nan,nan,nan,nan,nan,0.7080367287698112,0.17979753669926904,nan,nan,63.805609751585074,1,Information Retrieval,middle,train,363,25,benign,0,249
16,255,0.33722925186157227,0.23465880751609802,0.9969974756240845,0.5516486763954163,1.43710458278656,250,5,0.0036365912827386574,0.02864132933318615,0.002247721363286314,5.619303408215785,1.6612977010220225,1.685816073150217,0.004503007593667979,4.540475732971373,0.8471054921683049,0.16595277194182878,0.6431372549019608,0.0268443779933425,65.30420886330543,1,Information Retrieval,middle,train,363,25,injected,1,255
17,249,0.4850890040397644,0.3177982270717621,0.9983417987823486,0.5346136689186096,1.526405692100525,249,0,0.0037222835239206836,nan,nan,nan,nan,nan,nan,nan,0.8473304263248683,0.14913219224134383,nan,nan,81.44508041333026,1,Information Retrieval,middle,train,363,25,benign,0,249
17,255,0.4871891140937805,0.31923148036003113,0.9983908534049988,0.5341716408729553,1.5261311531066895,250,5,0.0036794632841957832,0.014627843489870429,0.0023346026793678904,5.836506698419726,1.8177675727668126,1.8429287421414904,0.0021151871920161228,3.142457477461742,0.825548809798806,0.14593218768594748,0.5215686274509804,-0.0047314128066899995,82.4678259367826,1,Information Retrieval,middle,train,363,25,injected,1,255
18,249,0.3476048409938812,0.24840222299098969,0.99703449010849,0.5521939992904663,1.3993628025054932,249,0,0.003727697826593073,nan,nan,nan,nan,nan,nan,nan,0.6009933126118067,0.2329146155875599,nan,nan,59.795762105261126,1,Information Retrieval,middle,train,363,25,benign,0,249
18,255,0.34841781854629517,0.24875757098197937,0.9970487356185913,0.5522673726081848,1.4006320238113403,250,5,0.0036783625767628373,0.03970198780298233,0.0022783020818274396,5.695755204568599,1.5639441107907441,1.5885132121081982,0.006265918373111152,5.304226812636733,0.6143007032953367,0.23253829834839074,0.5176470588235295,0.0009290473283252644,60.415519989361485,1,Information Retrieval,middle,train,363,25,injected,1,255
19,249,0.3919183313846588,0.27989184856414795,0.9976232647895813,0.5455902814865112,1.4002491235733032,249,0,0.0037014985210650437,nan,nan,nan,nan,nan,nan,nan,0.7094428362737671,0.17036600817896846,nan,nan,69.88024551026767,1,Information Retrieval,middle,train,363,25,benign,0,249
19,255,0.39082473516464233,0.279619961977005,0.9976492524147034,0.5454015135765076,1.3976997137069702,250,5,0.003645700748862999,0.025503094075247645,0.002606043964513174,6.515109911282934,1.72923898392424,1.7575406400287856,0.003841448979221095,3.700029674123899,0.6691296775887959,0.17022993558895314,0.6313725490196078,-0.016830523443210402,70.1009327806197,1,Information Retrieval,middle,train,363,25,injected,1,255
20,249,0.5256568193435669,0.3337094783782959,0.9984098076820374,0.5314466953277588,1.575192928314209,249,0,0.0037195228531229675,nan,nan,nan,nan,nan,nan,nan,1.0164010635938612,0.10275023693194647,nan,nan,87.62948799624272,1,Information Retrieval,middle,train,363,25,benign,0,249
20,255,0.5291781425476074,0.3365612328052521,0.9984318017959595,0.5312151908874512,1.5723086595535278,250,5,0.0036670808750922565,0.011707213567569852,0.0026581805201386487,6.645451300346622,1.8683425165849037,1.8970363596358346,0.00153383200153927,2.4649183817796665,1.0003092832037639,0.1035866852053773,0.5137254901960784,0.00032324143547008126,88.47551542133928,1,Information Retrieval,middle,train,363,25,injected,1,255
21,249,0.41240113973617554,0.2680283486843109,0.9980854392051697,0.5359511375427246,1.5386474132537842,249,0,0.0037602351190032406,nan,nan,nan,nan,nan,nan,nan,0.8023661972085513,0.17680086436995796,nan,nan,76.65387074363872,1,Information Retrieval,middle,train,363,25,benign,0,249
21,255,0.4399584233760834,0.28659552335739136,0.9981240034103394,0.5361340641975403,1.535119652748108,250,5,0.003708207978395383,0.018793921620817854,0.0025477736144072878,6.36943403601822,1.7888676556212293,1.8160850557261832,0.0027149979113078662,3.276648928381591,0.770857596090505,0.18277010850247466,0.5647058823529412,0.00900770960697992,77.70784570704555,1,Information Retrieval,middle,train,363,25,injected,1,255
22,249,0.44589391350746155,0.299889475107193,0.998033344745636,0.5384067893028259,1.4868608713150024,249,0,0.0037609889264276536,nan,nan,nan,nan,nan,nan,nan,0.857457490476991,0.1601082189138218,nan,nan,77.03264674105289,1,Information Retrieval,middle,train,363,25,benign,0,249
22,255,0.4603511393070221,0.3097397983074188,0.9980654716491699,0.5385566353797913,1.4862511157989502,250,5,0.0037123698183087438,0.017301316861994563,0.00239715207236477,5.992880180911925,1.7929514957142434,1.818552088525868,0.00251836715498353,3.34325582985912,0.7979964446681483,0.16750033289663038,0.5176470588235295,0.0009290473283252644,78.1082343867739,1,Information Retrieval,middle,train,363,25,injected,1,255
23,249,0.37273934483528137,0.2648293673992157,0.9970619678497314,0.552371621131897,1.4074698686599731,249,0,0.0036411735059181157,nan,nan,nan,nan,nan,nan,nan,0.628849264004362,0.20426671788376055,nan,nan,62.750421568042924,1,Information Retrieval,middle,train,363,25,benign,0,249
23,255,0.36363789439201355,0.2583722472190857,0.997069776058197,0.5527754426002502,1.4074184894561768,250,5,0.003586020158477447,0.03985883556306362,0.0024451169133951223,6.112792283487806,1.5862661785985952,1.6132797287265466,0.006367006770424075,4.88955163829959,0.6604466085578957,0.2155698187114117,0.5176470588235295,0.0009290473283252644,63.476113944662714,1,Information Retrieval,middle,train,363,25,injected,1,255
24,249,0.2821616530418396,0.20243220031261444,0.9959354400634766,0.5620666742324829,1.3938575983047485,249,0,0.0035979583491370063,nan,nan,nan,nan,nan,nan,nan,0.5226318709903907,0.2675428674246575,nan,nan,54.93734013896831,1,Information Retrieval,middle,train,363,25,benign,0,249
24,255,0.2885732054710388,0.2073521465063095,0.995880663394928,0.5634133219718933,1.391705870628357,250,5,0.0035542232701843784,0.05916321836411953,0.0018736362705153624,4.684090676288406,1.3287033105426378,1.3496525456529,0.009937969880153965,7.73950104673734,0.5006016573054799,0.25907189776092976,0.5686274509803921,-0.010506778566817284,55.2050445030835,1,Information Retrieval,middle,train,363,25,injected,1,255
25,249,0.4607287049293518,0.2815040946006775,0.9981440305709839,0.5365472435951233,1.6366678476333618,249,0,0.003735698917616393,nan,nan,nan,nan,nan,nan,nan,1.3393450754729523,0.03689219520529343,nan,nan,95.40477438118063,1,Information Retrieval,middle,train,363,25,benign,0,249
25,255,0.47595059871673584,0.292219877243042,0.9982044100761414,0.5362377762794495,1.6287413835525513,250,5,0.0037004154915997096,0.01712216150481254,0.0020815136386479935,5.203784096619984,1.7673884271212388,1.7897267938228367,0.002591754610204934,3.8240651174684226,1.382520380451542,0.03222533287458816,0.8901960784313725,0.03052439713639764,96.45138064743082,1,Information Retrieval,middle,train,363,25,injected,1,255
26,249,0.44873884320259094,0.29965150356292725,0.9977095127105713,0.5430826544761658,1.4975357055664062,249,0,0.0036145230260305585,nan,nan,nan,nan,nan,nan,nan,0.8149616733530033,0.13726582351532204,nan,nan,76.67779393413628,1,Information Retrieval,middle,train,363,25,benign,0,249
26,255,0.438813179731369,0.29374024271965027,0.9977275133132935,0.5431222319602966,1.4938817024230957,250,5,0.003567055301425844,0.025403349101543425,0.0023529732187559604,5.882433046889901,1.7054072353146383,1.731552496670722,0.003992170968892631,4.04560451522469,0.8331218351142669,0.14984641397913243,0.5058823529411764,-0.0025696301880949656,76.45222998361822,1,Information Retrieval,middle,train,363,25,injected,1,255
27,249,0.37855321168899536,0.2489188015460968,0.9977025985717773,0.5426010489463806,1.5207899808883667,249,0,0.003572229992304054,nan,nan,nan,nan,nan,nan,nan,0.8398036658041389,0.16579974838034733,nan,nan,74.87126496564402,1,Information Retrieval,middle,train,363,25,benign,0,249
27,255,0.39521607756614685,0.260093092918396,0.9977689385414124,0.5424015522003174,1.5195177793502808,250,5,0.003532409524738773,0.017322107497602702,0.0021258473270117976,5.314618317529494,1.7693270085664623,1.7932075884097471,0.0027172302235688927,3.679627169247619,0.8690845695333578,0.1598551181214179,0.6196078431372549,-0.01574953302219123,76.9114394161418,1,Information Retrieval,middle,train,363,25,injected,1,255
28,249,0.4028123915195465,0.2729646563529968,0.9964932203292847,0.5636480450630188,1.4756942987442017,249,0,0.003540596796184464,nan,nan,nan,nan,nan,nan,nan,0.7450677515501928,0.16977053378359483,nan,nan,72.22802652409588,1,Information Retrieval,middle,train,363,25,benign,0,249
28,255,0.4077416658401489,0.2765157222747803,0.9965134263038635,0.5638778805732727,1.47456955909729,250,5,0.0035080720254654484,0.03560919719748199,0.001823710996506361,4.559277491265902,1.523913000306177,1.5445752723557038,0.006010861220894039,6.128572460166382,0.7411886777200225,0.17381472988611965,0.5450980392156862,-0.0077439904104322655,73.55073405756723,1,Information Retrieval,middle,train,363,25,injected,1,255
29,249,0.4539091885089874,0.2828294038772583,0.99776291847229,0.5447680354118347,1.6048868894577026,249,0,0.003688338663703795,nan,nan,nan,nan,nan,nan,nan,1.2599478409251772,0.05394064076987191,nan,nan,88.24227437710796,1,Information Retrieval,middle,train,363,25,benign,0,249
29,255,0.45802927017211914,0.28613927960395813,0.9977899193763733,0.5449299812316895,1.6007213592529297,250,5,0.0036615039241243087,0.02282083625905216,0.0019310838396665532,4.827709599166383,1.6819696525271883,1.7029284861879173,0.0036112159107369556,4.7336309948396815,1.259864690635627,0.05913620060205915,0.8235294117647058,0.005828527634804968,89.21954940228518,1,Information Retrieval,middle,train,363,25,injected,1,255
30,249,0.5141013264656067,0.32958248257637024,0.9977827072143555,0.5454962253570557,1.5598564147949219,249,0,0.0036563319284720532,nan,nan,nan,nan,nan,nan,nan,1.0342646530336173,0.09320865316681341,nan,nan,86.9163940314869,1,Information Retrieval,middle,train,363,25,benign,0,249
30,255,0.5210341215133667,0.3339517116546631,0.9978449940681458,0.5447643399238586,1.5602079629898071,250,5,0.0036244278407585374,0.018571098800748587,0.0021507848503490093,5.376962125872524,1.7572328460824205,1.7807840833857906,0.0028608335753645972,3.8145346161344014,1.0201123449344454,0.08854647250600386,0.5215686274509804,-0.0047314128066899995,88.54428126478936,1,Information Retrieval,middle,train,363,25,injected,1,255
31,249,0.3400878608226776,0.24129752814769745,0.9973039627075195,0.5512993931770325,1.4094129800796509,249,0,0.003710394838678464,nan,nan,nan,nan,nan,nan,nan,0.5451895078954756,0.23957796237697798,nan,nan,56.92005051981085,1,Information Retrieval,middle,train,363,25,benign,0,249
31,255,0.3524990975856781,0.2502133548259735,0.997397780418396,0.5500309467315674,1.4087941646575928,250,5,0.0036712937190343043,0.0165727318264544,0.002262850315617834,5.657125789044585,1.7902197482943656,1.8146706667274266,0.002463485699779268,3.447075455758571,0.5850904044762606,0.2299018315998046,0.6274509803921569,-0.016475194285873445,58.76915989981077,1,Information Retrieval,middle,train,363,25,injected,1,255
32,249,0.3419618606567383,0.20989076793193817,0.9979023933410645,0.5377786755561829,1.6292372941970825,249,0,0.0038996755887111536,nan,nan,nan,nan,nan,nan,nan,0.9362388647776677,0.13959746809261883,nan,nan,71.47412839049123,1,Information Retrieval,middle,train,363,25,benign,0,249
32,255,0.3719041347503662,0.22910496592521667,0.9979696273803711,0.537026584148407,1.6232914924621582,250,5,0.003874667112896833,0.002173359604785219,0.002180542373921071,5.451355934802677,1.968606057398884,1.9909546680767507,0.00010039477524627412,1.3308173772100702,0.9317124353675084,0.13901129807557575,0.6980392156862745,-0.022159789102034474,74.11995283262958,1,Information Retrieval,middle,train,363,25,injected,1,255
33,249,0.3639773726463318,0.21395806968212128,0.9980747699737549,0.5327501893043518,1.7011622190475464,249,0,0.0039304300554201905,nan,nan,nan,nan,nan,nan,nan,0.718876747588383,0.1501743874293497,nan,nan,75.80321569696066,1,Information Retrieval,middle,train,363,25,benign,0,249
33,255,0.3935368061065674,0.23232734203338623,0.9981029629707336,0.5326150059700012,1.6938893795013428,250,5,0.00390308907474112,0.00209173360344721,0.002233736518915697,5.584341297289242,1.9704766453590068,1.9931994376826419,7.66436720273365e-05,1.2791617767220924,0.7344091486638826,0.14419323229058423,0.6078431372549019,-0.014622526381640778,78.22625965629128,1,Information Retrieval,middle,train,363,25,injected,1,255
34,249,0.2525886297225952,0.17366810142993927,0.9964542388916016,0.5613821148872375,1.4544330835342407,249,0,0.003255674589256457,nan,nan,nan,nan,nan,nan,nan,0.41441425368586804,0.29757913704506883,nan,nan,47.10842314426306,1,Information Retrieval,middle,train,363,25,benign,0,249
34,255,0.2552906572818756,0.17588379979133606,0.9965018033981323,0.5611523389816284,1.451473355293274,250,5,0.0032178696364218583,0.028494580648839474,0.002096878423000453,5.242196057501133,1.6428119944204556,1.6686440847324686,0.005050271390899382,4.5665909016861095,0.4245521675494018,0.2914041579197143,0.5294117647058824,-0.0057651044634629426,48.550866593475995,1,Information Retrieval,middle,train,363,25,injected,1,255
35,249,0.2608676552772522,0.18080835044384003,0.9958188533782959,0.5690760612487793,1.442785382270813,249,0,0.003187425952615525,nan,nan,nan,nan,nan,nan,nan,0.47230485852682774,0.2838378749908649,nan,nan,49.025419159210365,1,Information Retrieval,middle,train,363,25,benign,0,249
35,255,0.2692677974700928,0.18736203014850616,0.9959601759910583,0.5679740905761719,1.43715238571167,250,5,0.0031581572262364263,0.027676905691623687,0.0020500321641015035,5.125080410253759,1.6447213085341619,1.670455071919721,0.0049985110380146225,4.560526310065995,0.44517564247301733,0.2817639119616384,0.5568627450980392,-0.009154932818674723,50.70446046339567,1,Information Retrieval,middle,train,363,25,injected,1,255
0,192,0.22922271490097046,0.15667252242565155,0.9935087561607361,0.5902618765830994,1.4630690813064575,192,0,0.0033178914453729563,nan,nan,nan,nan,nan,nan,nan,0.38273440452307045,0.32438629015053627,nan,nan,21.815833867402436,2,Misspelling Intentionally,end,train,250,40,benign,0,192
0,201,0.22671210765838623,0.15551188588142395,0.9936039447784424,0.592969536781311,1.4578442573547363,193,8,0.0032745639482270957,0.03224374348896423,0.0013628580255367452,4.20850558285747,1.0763709994395707,1.1104627377377831,0.026470814157599415,7.53960946275551,0.3934159403262551,0.31323384241672225,0.5373134328358209,-0.015654462040867623,22.60900085977476,2,Misspelling Intentionally,end,train,250,40,injected,1,201
1,192,0.19420230388641357,0.14167505502700806,0.9952196478843689,0.566849410533905,1.3707586526870728,192,0,0.004619705403424719,nan,nan,nan,nan,nan,nan,nan,0.2538476575422214,0.3753995247744355,nan,nan,20.322211978804425,2,Misspelling Intentionally,end,train,250,40,benign,0,192
1,201,0.19307869672775269,0.14095662534236908,0.9953516721725464,0.5689563155174255,1.3697738647460938,193,8,0.004548237491100645,0.04029947851917574,0.002175945561281214,6.7193198932363885,1.1963683342455593,1.235457067116664,0.023424108119774977,6.221903259532413,0.263043198839302,0.374543871697081,0.5422885572139303,-0.016821328712561038,21.043878494335043,2,Misspelling Intentionally,end,train,250,40,injected,1,201
2,192,0.19011396169662476,0.1541939526796341,0.9961159825325012,0.5497258305549622,1.232953429222107,192,0,0.004689867226417707,nan,nan,nan,nan,nan,nan,nan,0.2420893266839842,0.38146932396018934,nan,nan,20.910617307549142,2,Misspelling Intentionally,end,train,250,40,benign,0,192
2,201,0.19098339974880219,0.15507619082927704,0.9961953163146973,0.552047073841095,1.2315455675125122,193,8,0.004609780577087308,0.04397745297423431,0.002195381540643183,6.779338197506149,1.1583847153628661,1.1972995304907321,0.0252415303950468,6.485525258533244,0.2533962941317277,0.3791515272992447,0.5422885572139303,-0.016821328712561038,21.667337655660734,2,Misspelling Intentionally,end,train,250,40,injected,1,201
3,192,0.5796194672584534,0.37681666016578674,0.998029351234436,0.5341928601264954,1.5382002592086792,192,0,0.0050864993821679826,nan,nan,nan,nan,nan,nan,nan,1.099101243072889,0.06791914134511931,nan,nan,68.61668446268555,2,Misspelling Intentionally,end,train,250,40,benign,0,192
3,201,0.5777319073677063,0.3768066465854645,0.9980977773666382,0.5363439917564392,1.5332317352294922,193,8,0.005028955212165855,0.018651012115047445,0.0025525777275296193,7.882360022611465,1.581013722644372,1.622435701494,0.009393391322943333,3.794120418704027,1.0788144670123214,0.0669531676988063,0.527363184079602,-0.013253863337285768,71.18447309554274,2,Misspelling Intentionally,end,train,250,40,injected,1,201
4,192,0.5303480625152588,0.35338878631591797,0.997069239616394,0.5538167357444763,1.5007495880126953,192,0,0.0050421807013182164,nan,nan,nan,nan,nan,nan,nan,0.9940462494223976,0.1003231940463156,nan,nan,64.36792745177227,2,Misspelling Intentionally,end,train,250,40,benign,0,192
4,201,0.5307515263557434,0.3544648289680481,0.9971432089805603,0.5561546087265015,1.497331976890564,193,8,0.004994097142988458,0.02423168040279831,0.0023291523575154583,7.192422480007735,1.4520802236505,1.490204461670378,0.012708552709825882,4.723048018280825,0.9832672582950346,0.09713930316706557,0.5223880597014925,-0.012019236916876222,67.05428907680701,2,Misspelling Intentionally,end,train,250,40,injected,1,201
5,192,0.6563488841056824,0.38991841673851013,0.9979865550994873,0.5367103219032288,1.6832979917526245,192,0,0.004964875030335324,nan,nan,nan,nan,nan,nan,nan,1.4086790633725084,0.021729868897727503,nan,nan,78.25445432733605,2,Misspelling Intentionally,end,train,250,40,benign,0,192
5,201,0.6562530398368835,0.3903404176235199,0.9980593919754028,0.5388115644454956,1.6812325716018677,193,8,0.004928486878457531,0.01331827511811363,0.0023367697416777555,7.2159449623009095,1.6573916527826666,1.6961374815075647,0.006782739409353108,3.4670880640228807,1.4043753498489358,0.024929323232226124,0.5572139303482587,-0.020193181929277444,81.74539406442668,2,Misspelling Intentionally,end,train,250,40,injected,1,201
6,192,0.5465064644813538,0.3563762903213501,0.9976909756660461,0.5407430529594421,1.533509612083435,192,0,0.004957457898876756,nan,nan,nan,nan,nan,nan,nan,1.073286040978694,0.08557713610404408,nan,nan,68.50676572953584,2,Misspelling Intentionally,end,train,250,40,benign,0,192
6,201,0.5470072627067566,0.3573237657546997,0.9977675676345825,0.542948305606842,1.5308449268341064,193,8,0.004912162650804387,0.018807713079565604,0.0023647515054921117,7.302352648959641,1.552236168745371,1.5915645785209143,0.009843262207571861,4.064609745469605,1.0649319971568298,0.08171722683326443,0.5074626865671642,-0.004099631477213428,71.43047609119893,2,Misspelling Intentionally,end,train,250,40,injected,1,201
7,192,0.5378556847572327,0.34311795234680176,0.9981091618537903,0.5314857363700867,1.5675532817840576,192,0,0.005026863844800956,nan,nan,nan,nan,nan,nan,nan,1.0279259673140508,0.10239621540379863,nan,nan,68.38987176247926,2,Misspelling Intentionally,end,train,250,40,benign,0,192
7,201,0.5398423075675964,0.3452345132827759,0.9981746077537537,0.5338291525840759,1.563697338104248,193,8,0.004973096515941126,0.014596036743439202,0.0025830278008490515,7.976389849021871,1.659820770314052,1.7021872466080292,0.007227900517565229,3.298388726949094,1.018674221339436,0.09840510477310445,0.5174129353233831,-0.0012514606299492855,71.3044163160605,2,Misspelling Intentionally,end,train,250,40,injected,1,201
8,192,0.5616047382354736,0.3588080406188965,0.9981788396835327,0.530386745929718,1.5651955604553223,192,0,0.0049876785212915106,nan,nan,nan,nan,nan,nan,nan,1.1242788823730392,0.07150042429316708,nan,nan,70.40782021977567,2,Misspelling Intentionally,end,train,250,40,benign,0,192
8,201,0.5633148550987244,0.3608696162700653,0.9982402920722961,0.532838761806488,1.56099271774292,193,8,0.004939219538029237,0.01588952437824836,0.0024825557927251937,7.6661322879353975,1.6231903170690347,1.664216219179925,0.008073610563361103,3.5684991388741323,1.1077442959765922,0.06955927211156704,0.5124378109452736,-0.0026892651391254856,73.20125412885899,2,Misspelling Intentionally,end,train,250,40,injected,1,201
9,192,0.5204901099205017,0.34103211760520935,0.9974408149719238,0.542589008808136,1.5262202024459839,192,0,0.004884512140141934,nan,nan,nan,nan,nan,nan,nan,0.9626833013566566,0.10797126292063075,nan,nan,64.14174443125356,2,Misspelling Intentionally,end,train,250,40,benign,0,192
9,201,0.5220216512680054,0.34271082282066345,0.9974713921546936,0.5457065105438232,1.523213267326355,193,8,0.004843165723999201,0.02591021404701418,0.0021596959065355637,6.669140959381821,1.393601876132783,1.4300845591001257,0.014168128272831839,5.186896239119419,0.9523595179513988,0.10465873355626037,0.527363184079602,-0.013253863337285768,66.76646442122086,2,Misspelling Intentionally,end,train,250,40,injected,1,201
10,192,0.5130776166915894,0.3418234884738922,0.9981041550636292,0.5311912894248962,1.5010015964508057,192,0,0.004867827850310095,nan,nan,nan,nan,nan,nan,nan,0.9391161363109378,0.10260490506995579,nan,nan,63.98517266784603,2,Misspelling Intentionally,end,train,250,40,benign,0,192
10,201,0.5150330662727356,0.3439972698688507,0.9981732368469238,0.5335583090782166,1.4972009658813477,193,8,0.004814197034467395,0.014771855307377077,0.002506358908755235,7.739636310236165,1.6477681536606406,1.6902318680448705,0.0075867932717338955,3.364621310237168,0.928212956757952,0.09887695654128278,0.5572139303482587,-0.020193181929277444,66.6776805394617,2,Misspelling Intentionally,end,train,250,40,injected,1,201
11,192,0.4253372550010681,0.29036882519721985,0.9978402256965637,0.5345003008842468,1.4648172855377197,192,0,0.004702391632501736,nan,nan,nan,nan,nan,nan,nan,0.7483264075838435,0.18539207294730395,nan,nan,56.148684546776025,2,Misspelling Intentionally,end,train,250,40,benign,0,192
11,201,0.4289438724517822,0.2936338186264038,0.9979057312011719,0.5369353890419006,1.4608122110366821,193,8,0.004631561842568087,0.019184099867873425,0.0025560337104155936,7.893032097763353,1.5720585938197682,1.6170142641199865,0.010351614823075481,3.6878043283237685,0.740798873030885,0.18098402192289645,0.5024875621890548,-0.006840544390018072,58.39180975820024,2,Misspelling Intentionally,end,train,250,40,injected,1,201
12,192,0.408799409866333,0.27800899744033813,0.9981182217597961,0.5280796885490417,1.4704538583755493,192,0,0.004729188033854752,nan,nan,nan,nan,nan,nan,nan,0.6719881720898317,0.2107538038005836,nan,nan,54.74780305830968,2,Misspelling Intentionally,end,train,250,40,benign,0,192
12,201,0.41465210914611816,0.2830202281475067,0.9981974363327026,0.5304449796676636,1.4650970697402954,193,8,0.004661241783420735,0.010402121665330404,0.002716869277605838,8.389692329246827,1.7561338453497153,1.803554181908858,0.005029289614148048,2.5629671343383484,0.7006986734870422,0.20130272949292316,0.527363184079602,0.0020440428882182587,57.38565216116365,2,Misspelling Intentionally,end,train,250,40,injected,1,201
13,192,0.49320095777511597,0.33316320180892944,0.9972007274627686,0.5505636930465698,1.4803584814071655,192,0,0.004954993887338647,nan,nan,nan,nan,nan,nan,nan,0.93546538345183,0.1272980090647156,nan,nan,62.297468059108446,2,Misspelling Intentionally,end,train,250,40,benign,0,192
13,201,0.4961797595024109,0.33588653802871704,0.9972707033157349,0.5530841946601868,1.477224349975586,193,8,0.004899747659552062,0.022346127498687047,0.0023986694107544196,7.407091140409648,1.4948935844958646,1.5348738690481596,0.011799986573616389,4.362320765139192,0.9311085991861197,0.12315677399338767,0.5124378109452736,-0.0026892651391254856,64.97197905348187,2,Misspelling Intentionally,end,train,250,40,injected,1,201
14,192,0.32479700446128845,0.23579108715057373,0.9960966110229492,0.5568152070045471,1.3774778842926025,192,0,0.004607932559849286,nan,nan,nan,nan,nan,nan,nan,0.6175124016777308,0.21320147978769313,nan,nan,47.70949356481868,2,Misspelling Intentionally,end,train,250,40,benign,0,192
14,201,0.32682785391807556,0.23742705583572388,0.9961572885513306,0.5597274899482727,1.3765400648117065,193,8,0.004550629946851686,0.027670161960746294,0.002152594023197838,6.647210343634924,1.3640523765719568,1.4027097929826837,0.01600713502195948,5.212901042968632,0.6145263958533936,0.20778178787056048,0.5572139303482587,-0.020193181929277444,49.9102050586621,2,Misspelling Intentionally,end,train,250,40,injected,1,201
15,192,0.40130406618118286,0.27702078223228455,0.9970840811729431,0.5451605916023254,1.4486424922943115,192,0,0.0046677605857369684,nan,nan,nan,nan,nan,nan,nan,0.773499892423946,0.18015959295681414,nan,nan,56.17798940721359,2,Misspelling Intentionally,end,train,250,40,benign,0,192
15,201,0.40427282452583313,0.27979546785354614,0.9971491098403931,0.5478208661079407,1.4448869228363037,193,8,0.004605356205222979,0.024417011075586612,0.002273091579284122,7.019306796829369,1.4392655596467616,1.479568015694654,0.013790072726811136,4.665099706935031,0.7674907095822179,0.17702880671981278,0.5074626865671642,-0.004099631477213428,58.219110241274514,2,Misspelling Intentionally,end,train,250,40,injected,1,201
16,192,0.29904499650001526,0.21120497584342957,0.9962149858474731,0.5523725152015686,1.415899395942688,192,0,0.004753667308833259,nan,nan,nan,nan,nan,nan,nan,0.5639506287194711,0.25712412395339934,nan,nan,45.743224695301485,2,Misspelling Intentionally,end,train,250,40,benign,0,192
16,201,0.304004967212677,0.21550239622592926,0.9962614178657532,0.5553969144821167,1.4106801748275757,193,8,0.0046811763896826,0.033426022481372844,0.002289161848132106,7.068931787031943,1.3075303838984569,1.3474678204413597,0.018767097230835236,5.4644109661331335,0.5906328365910405,0.24795677768650481,0.5174129353233831,-0.004288555934166462,47.11897147917456,2,Misspelling Intentionally,end,train,250,40,injected,1,201
17,192,0.4969009757041931,0.32692644000053406,0.9979656934738159,0.5339040160179138,1.5199167728424072,192,0,0.004809224807083292,nan,nan,nan,nan,nan,nan,nan,0.8471461510702034,0.14699793418117615,nan,nan,62.152292033123594,2,Misspelling Intentionally,end,train,250,40,benign,0,192
17,201,0.5009238123893738,0.33086979389190674,0.9980276823043823,0.5365356206893921,1.513960599899292,193,8,0.004747840993904803,0.012177960685221478,0.0025793254670062184,7.964957042115202,1.707589692717893,1.7518595047484082,0.006112097870096151,2.9480118209054176,0.8481229897719998,0.14090245052701958,0.5174129353233831,-0.010761097790850094,64.53255825738934,2,Misspelling Intentionally,end,train,250,40,injected,1,201
18,192,0.325250506401062,0.2347675859928131,0.9963816404342651,0.5518674254417419,1.3854148387908936,192,0,0.004809121247857415,nan,nan,nan,nan,nan,nan,nan,0.5869777976342055,0.24900787956353573,nan,nan,45.00932821167889,2,Misspelling Intentionally,end,train,250,40,benign,0,192
18,201,0.32730501890182495,0.23664237558841705,0.9964407086372375,0.5545373558998108,1.3831208944320679,193,8,0.004736919310135253,0.03297231450311041,0.0023513939874334404,7.2611046331944635,1.325744399513705,1.3662725882468674,0.01824083767999825,5.314927036925834,0.5998183468053845,0.2442125844263126,0.572139303482587,-0.015729554910067042,46.341574046139556,2,Misspelling Intentionally,end,train,250,40,injected,1,201
19,192,0.36502695083618164,0.261080265045166,0.9972259402275085,0.5437105894088745,1.398140788078308,192,0,0.004799903752876177,nan,nan,nan,nan,nan,nan,nan,0.6857795557050442,0.21425448666887528,nan,nan,52.79032229391062,2,Misspelling Intentionally,end,train,250,40,benign,0,192
19,201,0.3670813739299774,0.26290372014045715,0.9973040223121643,0.5462060570716858,1.396257758140564,193,8,0.004732481970932477,0.017769976627148156,0.0026069171824708473,8.050160259469976,1.603554071609156,1.648428777888969,0.009310182003622396,3.5177152198318593,0.6999777448694795,0.20788590754117217,0.527363184079602,0.0012062879035025168,54.92584809613819,2,Misspelling Intentionally,end,train,250,40,injected,1,201
20,192,0.5341290235519409,0.3397216498851776,0.9980168342590332,0.5314854979515076,1.5722548961639404,192,0,0.004817212371497334,nan,nan,nan,nan,nan,nan,nan,1.0182655537181584,0.11142074531112482,nan,nan,67.03949864763312,2,Misspelling Intentionally,end,train,250,40,benign,0,192
20,201,0.5362735986709595,0.34250393509864807,0.9980899095535278,0.5337982773780823,1.565744400024414,193,8,0.004755554719467128,0.0103952919099746,0.002657803203123464,8.207296291245257,1.7515308918366825,1.797044682327735,0.005010066505478352,2.6454290343715368,1.0283626146977063,0.10814911394465125,0.527363184079602,-0.0024966056955844844,69.60546479291025,2,Misspelling Intentionally,end,train,250,40,injected,1,201
21,192,0.3678211569786072,0.23895160853862762,0.9975592494010925,0.5374074578285217,1.5393123626708984,192,0,0.004842758436318804,nan,nan,nan,nan,nan,nan,nan,0.7320686931680157,0.20084430344003468,nan,nan,55.727121516285465,2,Misspelling Intentionally,end,train,250,40,benign,0,192
21,201,0.3658759593963623,0.23885975778102875,0.9976083040237427,0.5400218367576599,1.531760573387146,193,8,0.004748062356220347,0.013829561665521137,0.0028771975183705055,8.884785936728122,1.7030945158162276,1.7523486530330152,0.006765207515923377,2.8163896359592697,0.7420603204313213,0.19756507684999902,0.5572139303482587,-0.020193181929277444,57.32086490994209,2,Misspelling Intentionally,end,train,250,40,injected,1,201
22,192,0.3928995728492737,0.2674603760242462,0.9975470900535583,0.5382787585258484,1.469001054763794,192,0,0.004850243437697963,nan,nan,nan,nan,nan,nan,nan,0.7611628747846996,0.19069776341992212,nan,nan,55.883496323690345,2,Misspelling Intentionally,end,train,250,40,benign,0,192
22,201,0.39502525329589844,0.26976725459098816,0.9976150393486023,0.5407170653343201,1.4643187522888184,193,8,0.004768081829112355,0.014006443779050772,0.0027687559483964585,8.549918368648264,1.6899342812657587,1.737181579826896,0.006953639426458675,2.9515565920018356,0.769082806887046,0.18893345116073287,0.5223880597014925,-0.012019236916876222,57.89999518524991,2,Misspelling Intentionally,end,train,250,40,injected,1,201
23,192,0.320173442363739,0.22969938814640045,0.9965348243713379,0.5509662628173828,1.3938802480697632,192,0,0.004716155157364182,nan,nan,nan,nan,nan,nan,nan,0.5713995024989228,0.25299726083926255,nan,nan,45.94228882840203,2,Misspelling Intentionally,end,train,250,40,benign,0,192
23,201,0.3235607147216797,0.23291939496994019,0.9966089129447937,0.5536340475082397,1.3891531229019165,193,8,0.004635082310988968,0.029302890063263476,0.002450984126519299,7.568638982691596,1.3950684794942663,1.4381843265150942,0.01633793623180195,4.754922630065137,0.589581416568006,0.2467613090177693,0.5124378109452736,-0.0011741539128148556,47.39562071686597,2,Misspelling Intentionally,end,train,250,40,injected,1,201
24,192,0.24475064873695374,0.1812540590763092,0.9952187538146973,0.5608428716659546,1.350318193435669,192,0,0.00464568895203757,nan,nan,nan,nan,nan,nan,nan,0.4604939746962739,0.2945189952403501,nan,nan,39.63026305035982,2,Misspelling Intentionally,end,train,250,40,benign,0,192
24,201,0.2493736445903778,0.18515583872795105,0.9952511191368103,0.5647717714309692,1.3468310832977295,193,8,0.004580702681028281,0.03808354081619265,0.0020737926697148444,6.40387176407944,1.2004376629143578,1.2374661515419776,0.022134416016339344,6.368972548890591,0.48623621531762007,0.2846160499625897,0.5472636815920398,-0.01796647252004048,40.591115388072474,2,Misspelling Intentionally,end,train,250,40,injected,1,201
25,192,0.45607584714889526,0.28432491421699524,0.9976527690887451,0.5368583798408508,1.6040656566619873,192,0,0.004832569731533438,nan,nan,nan,nan,nan,nan,nan,1.373277736472992,0.039287273613533805,nan,nan,71.17637727111595,2,Misspelling Intentionally,end,train,250,40,benign,0,192
25,201,0.46252185106277466,0.28961658477783203,0.9977205395698547,0.5393561124801636,1.5970144271850586,193,8,0.004793972019196035,0.010746777909974168,0.0023649314226437687,7.302908233123958,1.7170087756843355,1.7572902641598884,0.005435984587636998,3.035067349176355,1.402807287620148,0.03882282588780732,0.8407960199004975,0.041781610889540015,73.10930431234951,2,Misspelling Intentionally,end,train,250,40,injected,1,201
26,192,0.40747877955436707,0.27772441506385803,0.9971250891685486,0.5446507334709167,1.4672054052352905,192,0,0.004663440978195107,nan,nan,nan,nan,nan,nan,nan,0.7499813301018557,0.18986300336944903,nan,nan,55.72372760343891,2,Misspelling Intentionally,end,train,250,40,benign,0,192
26,201,0.41066694259643555,0.28089427947998047,0.9972109794616699,0.5470248460769653,1.4619982242584229,193,8,0.0046080787085543825,0.023269773269670883,0.0022676181578227114,7.002404871356532,1.457525690909128,1.4977097751876614,0.013115042195817158,4.566527676997243,0.7619791186163047,0.18616187573501036,0.5124378109452736,-0.0003344022925843988,57.883956615242184,2,Misspelling Intentionally,end,train,250,40,injected,1,201
27,192,0.3551819324493408,0.24156495928764343,0.9971198439598083,0.5438375473022461,1.470337152481079,192,0,0.004579384335965832,nan,nan,nan,nan,nan,nan,nan,0.6846114075993841,0.21408859624917884,nan,nan,52.68231224548993,2,Misspelling Intentionally,end,train,250,40,benign,0,192
27,201,0.36053481698036194,0.24595651030540466,0.9972425699234009,0.5458686351776123,1.4658478498458862,193,8,0.004533814634815697,0.019305403976302062,0.0022938663022349474,7.0834591413015175,1.532276934371855,1.5735686436884468,0.010896270383985229,4.078525908432625,0.6780305514054151,0.2158182154148291,0.5024875621890548,-0.0017692643668941986,54.864509728435216,2,Misspelling Intentionally,end,train,250,40,injected,1,201
28,192,0.34608933329582214,0.24080833792686462,0.9955648183822632,0.5653342008590698,1.437198281288147,192,0,0.004558489574518372,nan,nan,nan,nan,nan,nan,nan,0.6518405691393149,0.22570430973780206,nan,nan,51.03983009530956,2,Misspelling Intentionally,end,train,250,40,benign,0,192
28,201,0.3501175045967102,0.24444268643856049,0.9956284165382385,0.5681467652320862,1.4323091506958008,193,8,0.004510559233889663,0.0345619014447688,0.0019185681590523902,5.924538475153781,1.209648461184769,1.244477062592728,0.020552709014576183,6.5078386431885615,0.6716395072160992,0.21992479168667575,0.5124378109452736,-0.0062424212943408336,53.13192899706124,2,Misspelling Intentionally,end,train,250,40,injected,1,201
29,192,0.4383692145347595,0.28499549627304077,0.9970584511756897,0.5478618144989014,1.5381618738174438,192,0,0.004742732343159323,nan,nan,nan,nan,nan,nan,nan,0.9102562684429127,0.14429679605772322,nan,nan,62.26664356512705,2,Misspelling Intentionally,end,train,250,40,benign,0,192
29,201,0.45123690366744995,0.29442399740219116,0.997164249420166,0.5499292612075806,1.5326091051101685,193,8,0.0047060184335978245,0.02424571956674169,0.0020491464992649583,6.327764389730191,1.3994393415404336,1.435078658806145,0.013681068707368895,5.212803357856149,0.9179716337123701,0.1403251151750477,0.5074626865671642,-0.005284083844489784,64.9254862006635,2,Misspelling Intentionally,end,train,250,40,injected,1,201
30,192,0.5123691558837891,0.33653905987739563,0.9973323345184326,0.5445083975791931,1.522465705871582,192,0,0.0047196551924987085,nan,nan,nan,nan,nan,nan,nan,1.0000939060878529,0.11306119079444203,nan,nan,65.53907093640949,2,Misspelling Intentionally,end,train,250,40,benign,0,192
30,201,0.5138108134269714,0.3379097580909729,0.9974362850189209,0.5468624830245972,1.5205563306808472,193,8,0.004681433322263477,0.016707235610478426,0.0022158726015349805,6.84261459354002,1.5705191710282307,1.6092006292522145,0.009168104362116344,3.9911397236116777,1.0216396861025627,0.10762707884281754,0.5174129353233831,-0.002093254083960561,68.75854210286252,2,Misspelling Intentionally,end,train,250,40,injected,1,201
31,192,0.3361671268939972,0.24672293663024902,0.9968581795692444,0.5491507649421692,1.362528920173645,192,0,0.0047357307570112155,nan,nan,nan,nan,nan,nan,nan,0.5453295287784411,0.2318979008138677,nan,nan,44.73510582374587,2,Misspelling Intentionally,end,train,250,40,benign,0,192
31,201,0.3498690128326416,0.2567880153656006,0.9970244765281677,0.5509777069091797,1.3624818325042725,193,8,0.004692784736876342,0.014180172126673694,0.002332757795578399,7.203556072746096,1.6387108540479864,1.679294815169175,0.007563256870357762,3.4969258092977453,0.5582750700002087,0.22254594568432184,0.5771144278606966,-0.00271222967508483,48.248784895944105,2,Misspelling Intentionally,end,train,250,40,injected,1,201
32,192,0.33071309328079224,0.2098238468170166,0.9975453019142151,0.5368996858596802,1.5761463642120361,192,0,0.0050077865035830635,nan,nan,nan,nan,nan,nan,nan,0.84950366633483,0.16120750972861297,nan,nan,60.327806326732066,2,Misspelling Intentionally,end,train,250,40,benign,0,192
32,201,0.3358338475227356,0.21319322288036346,0.9976795315742493,0.5382941365242004,1.5752557516098022,193,8,0.004971687938908637,0.002077545931180274,0.0026852169304632115,8.291949881270398,1.9454087726701625,1.9894266558674834,0.00022876865867433953,1.1968724514087048,0.8622171176154589,0.15632794681425924,0.681592039800995,-0.0417620332083638,63.71130237101343,2,Misspelling Intentionally,end,train,250,40,injected,1,201
33,192,0.36383867263793945,0.22139959037303925,0.9976889491081238,0.5334566235542297,1.643357515335083,192,0,0.005056778641347142,nan,nan,nan,nan,nan,nan,nan,0.9451913348692669,0.1380906586234884,nan,nan,64.68326324826403,2,Misspelling Intentionally,end,train,250,40,benign,0,192
33,201,0.3669135570526123,0.22368714213371277,0.9978295564651489,0.53480064868927,1.6402978897094727,193,8,0.005015449611900929,0.0019492916258708906,0.002728429871640203,8.425391443624946,1.9494845132676266,1.993813467736855,0.00013448861138272384,1.1459892630202848,0.958960757427583,0.134523486185939,0.6616915422885572,-0.023308348656504937,68.2096185147241,2,Misspelling Intentionally,end,train,250,40,injected,1,201
34,192,0.28121939301490784,0.20721979439258575,0.9961699843406677,0.5580975413322449,1.3571068048477173,192,0,0.004173854089775352,nan,nan,nan,nan,nan,nan,nan,0.4920240169483233,0.26858070389389554,nan,nan,37.72493190255869,2,Misspelling Intentionally,end,train,250,40,benign,0,192
34,201,0.2819494307041168,0.21425822377204895,0.9963035583496094,0.5605844259262085,1.3159328699111938,193,8,0.0041147032453617075,0.024466907597213452,0.0019856079062916545,6.131557214628629,1.3822498388607976,1.4216708782108003,0.015591630911211723,5.053186265139956,0.47239197023611396,0.27563564706818633,0.5671641791044776,-0.022337600510238042,39.10866648621775,2,Misspelling Intentionally,end,train,250,40,injected,1,201
35,192,0.29736730456352234,0.21936972439289093,0.9957117438316345,0.5645384192466736,1.3555530309677124,192,0,0.004102128551136823,nan,nan,nan,nan,nan,nan,nan,0.5382350496026573,0.24024476672391043,nan,nan,40.53736972291065,2,Misspelling Intentionally,end,train,250,40,benign,0,192
35,201,0.29879987239837646,0.22014692425727844,0.9959139823913574,0.5662572979927063,1.3572747707366943,193,8,0.004056141142711188,0.024631245248851234,0.0019028315236472137,5.875943745022596,1.3610159910830295,1.399360118558062,0.016007269912419308,5.2529029372066365,0.5019203815788923,0.250300586606824,0.5621890547263682,-0.021275499901487024,42.171980481364656,2,Misspelling Intentionally,end,train,250,40,injected,1,201
0,351,0.19918692111968994,0.1363002359867096,0.9952503442764282,0.5843265652656555,1.461383581161499,351,0,0.0018634645388202525,nan,nan,nan,nan,nan,nan,nan,0.31969508786384343,0.3486520205882785,nan,nan,35.75458466549205,3,Homophonic Substitution,start,train,627,61,benign,0,351
0,361,0.19958364963531494,0.13664379715919495,0.995294451713562,0.5842462778091431,1.4606126546859741,352,9,0.0018317412726862885,0.03267440862125821,0.001062579809344296,6.732505672005459,1.1772563469960584,1.2065686955744341,0.018807318604722345,7.280720749668267,0.3013930716543614,0.353774347627004,0.5595567867036011,0.009634019792221544,36.60206357686947,3,Homophonic Substitution,start,train,627,61,injected,1,361
1,351,0.16171544790267944,0.11905594915151596,0.9964552521705627,0.560510516166687,1.3583147525787354,351,0,0.0025748824129321573,nan,nan,nan,nan,nan,nan,nan,0.24084939972822525,0.3799259643546745,nan,nan,30.48151543125357,3,Homophonic Substitution,start,train,627,61,benign,0,351
1,361,0.1619710922241211,0.11936622858047485,0.9965037107467651,0.5604124069213867,1.3569256067276,352,9,0.0025240483085651514,0.03999226514457001,0.0016912311768000926,10.715640736205387,1.3008738630464338,1.3346548701638719,0.016414090073570024,5.940648505469939,0.23654434932349516,0.3819353636146974,0.5678670360110804,0.01157874729666559,31.294309792502695,3,Homophonic Substitution,start,train,627,61,injected,1,361
2,351,0.16320845484733582,0.13404116034507751,0.9966556429862976,0.551970362663269,1.2175995111465454,351,0,0.0025827066396407125,nan,nan,nan,nan,nan,nan,nan,0.2921964571336713,0.3436037198554821,nan,nan,31.114338624741958,3,Homophonic Substitution,start,train,627,61,benign,0,351
2,361,0.1632576882839203,0.1342063695192337,0.9966939091682434,0.5517520904541016,1.2164674997329712,352,9,0.0025288049272181967,0.04454954346227977,0.001672498341739503,10.59694949326149,1.2458144043785007,1.2791656879325426,0.01830407341089043,6.346197703423208,0.34479569948945504,0.3302843418922354,0.5983379501385041,-0.017402121166965837,31.811540834964298,3,Homophonic Substitution,start,train,627,61,injected,1,361
3,351,0.5310835838317871,0.35090264678001404,0.9986907243728638,0.533170223236084,1.513478398323059,351,0,0.002787383254344708,nan,nan,nan,nan,nan,nan,nan,1.019506366237011,0.10422774170172443,nan,nan,117.56315269394773,3,Homophonic Substitution,start,train,627,61,benign,0,351
3,361,0.5291780829429626,0.3503548800945282,0.9987096190452576,0.5331112742424011,1.5104058980941772,352,9,0.002751247909107019,0.020036198625651497,0.0017078563719535385,10.82097797269762,1.5789913198200631,1.6103262582498867,0.007435017253578747,4.347315729322975,1.0180397305721551,0.10617184835040569,0.5096952908587258,-0.0007328633814981245,120.32928990642984,3,Homophonic Substitution,start,train,627,61,injected,1,361
4,351,0.4947684407234192,0.33833539485931396,0.9978621602058411,0.5515183806419373,1.4623608589172363,351,0,0.0027636619121404536,nan,nan,nan,nan,nan,nan,nan,0.9108028699161055,0.1261450094449073,nan,nan,110.03995482377822,3,Homophonic Substitution,start,train,627,61,benign,0,351
4,361,0.4922136664390564,0.3366461396217346,0.9978893995285034,0.5513641834259033,1.462109923362732,352,9,0.0027407868845513448,0.023292400887132518,0.0014041614766364763,8.896767115968714,1.452429917356035,1.478362110382237,0.008989632009446757,5.690202313111989,0.9018508296705648,0.12991539061183735,0.5678670360110804,0.01157874729666559,113.05191928363224,3,Homophonic Substitution,start,train,627,61,injected,1,361
5,351,0.5836522579193115,0.35590288043022156,0.9986008405685425,0.5371448993682861,1.6399199962615967,351,0,0.0027049508254533,nan,nan,nan,nan,nan,nan,nan,1.3270377212617188,0.05329966248171464,nan,nan,134.8802107636992,3,Homophonic Substitution,start,train,627,61,benign,0,351
5,361,0.5828570127487183,0.35553449392318726,0.9986257553100586,0.5369737148284912,1.6393824815750122,352,9,0.002689719324340642,0.013692615042802773,0.001356716803704274,8.59615766827028,1.6268440008154141,1.652380812565408,0.005289273674186997,4.473088356260244,1.325470304284369,0.052898970907274086,0.775623268698061,-0.033395068347749364,138.4177499009711,3,Homophonic Substitution,start,train,627,61,injected,1,361
6,351,0.5047767758369446,0.33794400095939636,0.9983516335487366,0.5403113961219788,1.493669867515564,351,0,0.0027225867147180195,nan,nan,nan,nan,nan,nan,nan,0.9602941669754606,0.12163605853309377,nan,nan,115.20033706933152,3,Homophonic Substitution,start,train,627,61,benign,0,351
6,361,0.503579318523407,0.3372812271118164,0.998377799987793,0.5401092767715454,1.4930546283721924,352,9,0.0026942682922465743,0.019658063693592947,0.001544494549362251,9.785917464759223,1.5512668185654894,1.5802385062918427,0.0075547068141823106,4.711990530651409,0.9569982277762414,0.12357322868491033,0.5096952908587258,-0.0007328633814981245,118.09329832905449,3,Homophonic Substitution,start,train,627,61,injected,1,361
7,351,0.47911322116851807,0.3134843707084656,0.9986594319343567,0.5327397584915161,1.5283479690551758,351,0,0.0027606551142082807,nan,nan,nan,nan,nan,nan,nan,0.8827399754661983,0.15193386605640635,nan,nan,111.76270665628157,3,Homophonic Substitution,start,train,627,61,benign,0,351
7,361,0.47682082653045654,0.3123166561126709,0.998680055141449,0.5327160358428955,1.5267223119735718,352,9,0.0027219841344457377,0.017097497992734943,0.0017753386011642733,11.248545376976836,1.6408556315920977,1.673752766098135,0.006286264713619122,3.842623898401884,0.8683476936754578,0.15450632378562573,0.5235457063711911,-0.006593531465562259,114.44237329124368,3,Homophonic Substitution,start,train,627,61,injected,1,361
8,351,0.5343950986862183,0.3446662724018097,0.9988794922828674,0.5280559062957764,1.5504710674285889,351,0,0.002749400899493122,nan,nan,nan,nan,nan,nan,nan,0.9754972038850475,0.10340117660305834,nan,nan,123.0780527336203,3,Homophonic Substitution,start,train,627,61,benign,0,351
8,361,0.5309359431266785,0.34345999360084534,0.9988943338394165,0.5281333923339844,1.5458451509475708,352,9,0.002710466111977433,0.018096806300390098,0.001766850631143352,11.194765598924278,1.6223468331638808,1.6552261102873493,0.0067125213135754355,3.9639039629721022,0.9616480020555639,0.10672397530413827,0.5290858725761773,0.0015585392776906798,125.64471938479072,3,Homophonic Substitution,start,train,627,61,injected,1,361
9,351,0.5240411758422852,0.34500250220298767,0.99833744764328,0.5391247272491455,1.5189489126205444,351,0,0.002692297952794029,nan,nan,nan,nan,nan,nan,nan,1.0975512065965196,0.09154590696744884,nan,nan,116.6596445664975,3,Homophonic Substitution,start,train,627,61,benign,0,351
9,361,0.5173911452293396,0.3415142595767975,0.9983267784118652,0.5397425293922424,1.514991283416748,352,9,0.002665905016151292,0.026138896694950137,0.0013820651274461509,8.756764647498812,1.3987586394086255,1.4249956428798511,0.010392046406233531,6.040007156400241,1.0360360793085417,0.11358699033203304,0.6454293628808865,0.03368705719895284,119.16794474239036,3,Homophonic Substitution,start,train,627,61,injected,1,361
10,351,0.51162189245224,0.34014397859573364,0.9988261461257935,0.5298540592193604,1.5041333436965942,351,0,0.0026793151470741205,nan,nan,nan,nan,nan,nan,nan,0.8883553400515092,0.10564714011138113,nan,nan,117.89037206995624,3,Homophonic Substitution,start,train,627,61,benign,0,351
10,361,0.5099044442176819,0.34031006693840027,0.9988474249839783,0.5297459363937378,1.4983525276184082,352,9,0.002633787385426742,0.021419167505680688,0.0018415048538489634,11.667774753987032,1.581842201553383,1.6170663545099606,0.008159650557437384,4.078672007898182,0.8550692364516568,0.10753862042502288,0.5872576177285319,-0.015980897905362716,120.43285682593218,3,Homophonic Substitution,start,train,627,61,injected,1,361
11,351,0.44877439737319946,0.30710601806640625,0.9987040162086487,0.5309724807739258,1.4613012075424194,351,0,0.002590163257281644,nan,nan,nan,nan,nan,nan,nan,0.8051746704877129,0.11851658987439936,nan,nan,105.11170992418991,3,Homophonic Substitution,start,train,627,61,benign,0,351
11,361,0.4441053867340088,0.30484774708747864,0.9987283945083618,0.5308983325958252,1.456810474395752,352,9,0.0025299167840308256,0.02405410131905228,0.002047624776940089,12.973750586692404,1.5785512501265204,1.61921326462874,0.009322261537967624,3.80975730168113,0.82271949576843,0.12275265672316255,0.6925207756232687,-0.027394900047713572,107.04721315651327,3,Homophonic Substitution,start,train,627,61,injected,1,361
12,351,0.4315059185028076,0.2960217297077179,0.9989449977874756,0.5240947008132935,1.4576833248138428,351,0,0.002597275871211386,nan,nan,nan,nan,nan,nan,nan,0.6382940877858636,0.18113837245346054,nan,nan,101.57821786800162,3,Homophonic Substitution,start,train,627,61,benign,0,351
12,361,0.42479532957077026,0.29211872816085815,0.9989637732505798,0.5241065621376038,1.454187273979187,352,9,0.0025209850973147555,0.023214059894801013,0.002400765146737947,15.21124796973163,1.6396667515651187,1.6873392018923596,0.008584039437131211,3.186478642418017,0.6579401827172005,0.18614052244188434,0.6343490304709142,-0.007993480446716042,103.49668522422884,3,Homophonic Substitution,start,train,627,61,injected,1,361
13,351,0.4554426670074463,0.3112386167049408,0.9980030059814453,0.5496285557746887,1.4633231163024902,351,0,0.0027177936961096305,nan,nan,nan,nan,nan,nan,nan,0.864131177900268,0.13960147744189488,nan,nan,109.3070482298323,3,Homophonic Substitution,start,train,627,61,benign,0,351
13,361,0.4567089080810547,0.3130165934562683,0.9980178475379944,0.5496671199798584,1.4590564966201782,352,9,0.002678734660583613,0.02927533599884353,0.0016458202198578826,10.427916913019544,1.4242319683254412,1.4552510964420913,0.011363989157998456,5.380633349798564,0.8417641468178207,0.13537509491197622,0.5595567867036011,-0.00010702680669578947,111.92870670627127,3,Homophonic Substitution,start,train,627,61,injected,1,361
14,351,0.32908105850219727,0.24216540157794952,0.9971824884414673,0.5543541312217712,1.358910322189331,351,0,0.0025316999003882567,nan,nan,nan,nan,nan,nan,nan,0.6726997165890525,0.1904255290863743,nan,nan,84.96231913082906,3,Homophonic Substitution,start,train,627,61,benign,0,351
14,361,0.3258058726787567,0.24005287885665894,0.997202455997467,0.5544527173042297,1.3572254180908203,352,9,0.002484165577254156,0.0371440263503852,0.0016302218749701476,10.329085799810855,1.3176681597463868,1.3507648511591002,0.015517907334069742,5.8923433131263865,0.7044394146897865,0.18700038289723697,0.6786703601108033,-0.026142560044865728,87.17369372500876,3,Homophonic Substitution,start,train,627,61,injected,1,361
15,351,0.37063711881637573,0.2597450315952301,0.997792661190033,0.5448994636535645,1.426926612854004,351,0,0.002558050744635033,nan,nan,nan,nan,nan,nan,nan,0.7349425025536404,0.19654720934531938,nan,nan,94.47688373471902,3,Homophonic Substitution,start,train,627,61,benign,0,351
15,361,0.37180256843566895,0.2610156834125519,0.9977937340736389,0.5450997948646545,1.424445390701294,352,9,0.0025297071741807032,0.03363928946459459,0.0012767208426012716,8.089303258721657,1.2509205140464226,1.2764714621994888,0.01419286857293773,7.225411481206777,0.7234599115825573,0.19900498062460123,0.5013850415512465,-0.002268952471642723,96.32715306419577,3,Homophonic Substitution,start,train,627,61,injected,1,361
16,351,0.23365920782089233,0.16797702014446259,0.9972631931304932,0.5496338605880737,1.3910188674926758,351,0,0.0026084360261470507,nan,nan,nan,nan,nan,nan,nan,0.8582882177099271,0.08991546166908426,nan,nan,76.3378282793934,3,Homophonic Substitution,start,train,627,61,benign,0,351
16,361,0.230463445186615,0.16626866161823273,0.9972821474075317,0.5496817827224731,1.386090636253357,352,9,0.002556012047036381,0.03998626560334944,0.0017302183997813107,10.962663781014385,1.3112696168954234,1.3453912698809487,0.016181047870871705,5.843000793052734,0.83656491160004,0.09357978615812701,0.8559556786703602,-0.03606427649928767,77.94264757139075,3,Homophonic Substitution,start,train,627,61,injected,1,361
17,351,0.4264999032020569,0.288632869720459,0.9985644817352295,0.5350258946418762,1.4776554107666016,351,0,0.0026373785492737087,nan,nan,nan,nan,nan,nan,nan,0.7357447844777563,0.194333607756917,nan,nan,101.75892303764176,3,Homophonic Substitution,start,train,627,61,benign,0,351
17,361,0.4219963550567627,0.285977303981781,0.9985862374305725,0.5349844098091125,1.4756288528442383,352,9,0.0025936075508159132,0.017900451267552044,0.0018094144321941662,11.464449842382237,1.6328665568301868,1.6680144301430495,0.0068480882236575625,3.7657030555250346,0.7358536025093981,0.19525572192099025,0.5124653739612188,-0.004722112553945605,103.15887802766355,3,Homophonic Substitution,start,train,627,61,injected,1,361
18,351,0.3210292160511017,0.2352290153503418,0.9974385499954224,0.5494155883789062,1.3647518157958984,351,0,0.00264556595169701,nan,nan,nan,nan,nan,nan,nan,0.5765724357919055,0.2459648047115808,nan,nan,77.58591903554937,3,Homophonic Substitution,start,train,627,61,benign,0,351
18,361,0.31411683559417725,0.23054373264312744,0.9974336624145508,0.549521267414093,1.3625043630599976,352,9,0.0026077616350635244,0.043991144267945655,0.0014236480554832669,9.020234079541979,1.1748952459248148,1.2025050281059448,0.017890244603909318,7.523396244467165,0.6309060653817029,0.23280109771229823,0.5318559556786704,-0.007946735395188953,79.11665988508224,3,Homophonic Substitution,start,train,627,61,injected,1,361
19,351,0.32510262727737427,0.23544777929782867,0.9979992508888245,0.542979896068573,1.3807843923568726,351,0,0.00262541860568126,nan,nan,nan,nan,nan,nan,nan,0.603436527107138,0.239459573552053,nan,nan,87.9264599474917,3,Homophonic Substitution,start,train,627,61,benign,0,351
19,361,0.32291704416275024,0.2345351278781891,0.9980058073997498,0.5431225895881653,1.3768386840820312,352,9,0.002569653375221671,0.029240388630164996,0.0018494834876963062,11.718327378043796,1.4713251378122387,1.5075660822935366,0.011553229616954645,4.686821184466258,0.6082629777842556,0.23471586378079046,0.5069252077562327,-0.0004178555079541559,88.76959909924126,3,Homophonic Substitution,start,train,627,61,injected,1,361
20,351,0.4657980799674988,0.30193039774894714,0.9986628293991089,0.5311862230300903,1.5427333116531372,351,0,0.0026373181225175226,nan,nan,nan,nan,nan,nan,nan,0.8573623870164899,0.16151365361499645,nan,nan,113.79753718719618,3,Homophonic Substitution,start,train,627,61,benign,0,351
20,361,0.46865206956863403,0.3042086064815521,0.9986935257911682,0.5309752821922302,1.540561556816101,352,9,0.0026026312372065836,0.01313580746581364,0.0016918247348857735,10.71940152023626,1.700013860044775,1.7328029267024871,0.004960379089121614,3.45604458071114,0.8684497608793357,0.15869128222491785,0.556786703601108,-0.011764422908493237,116.61035222470106,3,Homophonic Substitution,start,train,627,61,injected,1,361
21,351,0.35649925470352173,0.2346155345439911,0.9984544515609741,0.5333369374275208,1.5195040702819824,351,0,0.002664456386053797,nan,nan,nan,nan,nan,nan,nan,0.6325002589833518,0.23355181270317116,nan,nan,101.62703008581306,3,Homophonic Substitution,start,train,627,61,benign,0,351
21,361,0.35494759678840637,0.23371398448944092,0.9984442591667175,0.5338724851608276,1.5187263488769531,352,9,0.0026119273861898266,0.02158879347714699,0.0018902836099662155,11.976836952745941,1.5878478181880626,1.6242851056658025,0.008239271307509441,3.972535314985394,0.6428695538430949,0.2299330447893928,0.5623268698060941,-0.0027949735511597178,102.86651882459547,3,Homophonic Substitution,start,train,627,61,injected,1,361
22,351,0.3762016296386719,0.25641483068466187,0.9983429312705994,0.5367612838745117,1.4671601057052612,351,0,0.002660619839864361,nan,nan,nan,nan,nan,nan,nan,0.6680068329100248,0.2209913186830329,nan,nan,100.93705472700108,3,Homophonic Substitution,start,train,627,61,benign,0,351
22,361,0.36965876817703247,0.25301334261894226,0.9983328580856323,0.5372143387794495,1.4610248804092407,352,9,0.0026135159702416317,0.025594603360837534,0.0017775529377027273,11.26257541328448,1.5068806540197082,1.5411617107682563,0.009979212914348796,4.6011271775318345,0.6486498039927205,0.22567540599061559,0.5401662049861495,0.0025297377603181403,101.90499176884096,3,Homophonic Substitution,start,train,627,61,injected,1,361
23,351,0.32223087549209595,0.2322913557291031,0.9975512027740479,0.5492681860923767,1.3871841430664062,351,0,0.0025861620411186024,nan,nan,nan,nan,nan,nan,nan,0.6013488312848052,0.24354373836130597,nan,nan,84.05714066590978,3,Homophonic Substitution,start,train,627,61,benign,0,351
23,361,0.3166627883911133,0.22851914167404175,0.9975457191467285,0.5495641231536865,1.3857166767120361,352,9,0.0025465135239093484,0.03867611943537162,0.0014674798016105473,9.297952023004427,1.2507911664139328,1.2799131718668217,0.016011423109435798,6.762734029999213,0.578522700747959,0.24732740742422613,0.5069252077562327,-0.0002515086178957415,85.79631074293046,3,Homophonic Substitution,start,train,627,61,injected,1,361
24,351,0.2459264099597931,0.18219779431819916,0.9963503479957581,0.5595120787620544,1.349777102470398,351,0,0.0025481234595190697,nan,nan,nan,nan,nan,nan,nan,0.4768843212572369,0.2896125831884111,nan,nan,68.35951309552237,3,Homophonic Substitution,start,train,627,61,benign,0,351
24,361,0.24194595217704773,0.17972126603126526,0.9963392615318298,0.5596523284912109,1.346228837966919,352,9,0.002522995437455402,0.04749966415369676,0.0010758258302130464,6.816432460229862,0.9982777887811978,1.0199083747366897,0.02034529798510607,10.175635334495645,0.47602773758656863,0.29008050742677605,0.5512465373961218,-0.0109461271543258,68.76282198058718,3,Homophonic Substitution,start,train,627,61,injected,1,361
25,351,0.44349613785743713,0.27985599637031555,0.9984191656112671,0.5359216332435608,1.584729790687561,351,0,0.0026438821015869604,nan,nan,nan,nan,nan,nan,nan,0.9183393176699807,0.14622632254269782,nan,nan,120.42311558885105,3,Homophonic Substitution,start,train,627,61,benign,0,351
25,361,0.4405476748943329,0.2786368429660797,0.9984397292137146,0.5358230471611023,1.5810819864273071,352,9,0.002622689591156272,0.015540459167419208,0.0013865338370479961,8.785078391536103,1.5939679750025317,1.6207165954322709,0.00615645432887083,4.604419632546376,0.9232550257166848,0.14484338519071094,0.6149584487534626,-0.019429651385294577,122.77781048727978,3,Homophonic Substitution,start,train,627,61,injected,1,361
26,351,0.39518144726753235,0.2719576060771942,0.9980562329292297,0.5409717559814453,1.4530994892120361,351,0,0.002564821143922192,nan,nan,nan,nan,nan,nan,nan,0.7460890689982121,0.1924871097728601,nan,nan,98.64785497028211,3,Homophonic Substitution,start,train,627,61,benign,0,351
26,361,0.3931751251220703,0.27179670333862305,0.9980636239051819,0.5411677956581116,1.446578025817871,352,9,0.002530052297919161,0.02890333488014423,0.0014777933490260247,9.363298659428892,1.3845525128722882,1.4140641616735414,0.01197332406689099,5.786620735783472,0.7431600866583555,0.19103809241820546,0.5041551246537396,-0.002207425832448638,100.2370156658576,3,Homophonic Substitution,start,train,627,61,injected,1,361
27,351,0.3613339066505432,0.24500417709350586,0.9982219338417053,0.5391402840614319,1.4748071432113647,351,0,0.0025459071197609503,nan,nan,nan,nan,nan,nan,nan,0.7035890867113888,0.16132462030311398,nan,nan,100.6643115315793,3,Homophonic Substitution,start,train,627,61,benign,0,351
27,361,0.3526509404182434,0.23975001275539398,0.9982408881187439,0.5392405986785889,1.4709110260009766,352,9,0.0025048861083216143,0.023764644995228283,0.0015922691433230692,10.088617292094966,1.493423397691986,1.5254988166851082,0.009767172073345067,4.84555110861478,0.683700492733394,0.16222225520432265,0.6537396121883656,0.019410795304206568,102.64153892017704,3,Homophonic Substitution,start,train,627,61,injected,1,361
28,351,0.3755389153957367,0.26244843006134033,0.9969022870063782,0.5617780089378357,1.4309055805206299,351,0,0.0025166968412386618,nan,nan,nan,nan,nan,nan,nan,0.6574659903918424,0.21901897263871736,nan,nan,93.70517487841468,3,Homophonic Substitution,start,train,627,61,benign,0,351
28,361,0.36740556359291077,0.25757572054862976,0.9968985915184021,0.5620065331459045,1.4263982772827148,352,9,0.002491905951565516,0.03730078774970025,0.0011628701644885249,7.367945362199293,1.1567306197226677,1.1803788809356397,0.01609169249614794,8.290745759575644,0.6508121793356486,0.2173675580436432,0.5235457063711911,0.0016091469622222109,95.07564572715167,3,Homophonic Substitution,start,train,627,61,injected,1,361
29,351,0.4691944420337677,0.3006654977798462,0.998266339302063,0.5403141975402832,1.5605196952819824,351,0,0.0026183600047795645,nan,nan,nan,nan,nan,nan,nan,1.2686740458993366,0.054837499268913334,nan,nan,117.24264893476992,3,Homophonic Substitution,start,train,627,61,benign,0,351
29,361,0.4669666290283203,0.29969218373298645,0.9982879161834717,0.5402505993843079,1.5581541061401367,352,9,0.0025938787361615254,0.02241092287780096,0.0013687755886444754,8.672562129651396,1.4576059235134622,1.4843059131858276,0.009109541828485489,5.570221353334732,0.9140130506153689,0.12939946652246637,0.5096952908587258,-6.726630649071377e-05,119.82771898126177,3,Homophonic Substitution,start,train,627,61,injected,1,361
30,351,0.47190386056900024,0.312603235244751,0.998252809047699,0.541586697101593,1.5095937252044678,351,0,0.0025969259468833325,nan,nan,nan,nan,nan,nan,nan,0.8343712396796589,0.15366941002765974,nan,nan,112.06831031343695,3,Homophonic Substitution,start,train,627,61,benign,0,351
30,361,0.47104954719543457,0.3126591444015503,0.9982810616493225,0.5413355231285095,1.5065913200378418,352,9,0.0025708390048934317,0.01924654504465353,0.0014181780305873967,8.985576001801746,1.528538915649118,1.5564335948159302,0.007807200348878324,4.96001599652852,0.8164676658833558,0.15541804142227003,0.554016620498615,0.008374924737941412,114.28507975305804,3,Homophonic Substitution,start,train,627,61,injected,1,361
31,351,0.3374570608139038,0.24375325441360474,0.9978594183921814,0.5476394891738892,1.3844207525253296,351,0,0.002657132103062179,nan,nan,nan,nan,nan,nan,nan,0.6226972879156131,0.22775500623683737,nan,nan,82.13291958290242,3,Homophonic Substitution,start,train,627,61,benign,0,351
31,361,0.3274567127227783,0.23711863160133362,0.9978961944580078,0.5471467971801758,1.3809826374053955,352,9,0.0025981570817848114,0.01882355129863653,0.0020522642287507053,13.003146153364469,1.6550036068707104,1.6947067695390972,0.006984769737895134,3.4076125402843527,0.61851876081996,0.23151105412307457,0.6925207756232687,0.0119574087586274,83.39217082827238,3,Homophonic Substitution,start,train,627,61,injected,1,361
32,351,0.40825778245925903,0.2555469572544098,0.9984700679779053,0.5343414545059204,1.5975842475891113,351,0,0.00278249414656638,nan,nan,nan,nan,nan,nan,nan,0.7224795531821866,0.16956538974618196,nan,nan,105.41427906311746,3,Homophonic Substitution,start,train,627,61,benign,0,351
32,361,0.4012770652770996,0.251930296421051,0.9984676837921143,0.5344621539115906,1.592809796333313,352,9,0.002746048552216041,0.004269419947781393,0.0019221759190112657,12.17890662285538,1.9038907706550339,1.9391542077827109,0.001086356895734511,1.781334220904943,0.6991879848988841,0.18550072760523909,0.6786703601108033,0.03255670974117582,107.0217946716659,3,Homophonic Substitution,start,train,627,61,injected,1,361
33,351,0.4276944696903229,0.25599321722984314,0.9986799359321594,0.5279027223587036,1.6707258224487305,351,0,0.002800256950473253,nan,nan,nan,nan,nan,nan,nan,0.6926066597794929,0.15872610475702098,nan,nan,112.98102018154698,3,Homophonic Substitution,start,train,627,61,benign,0,351
33,361,0.423065721988678,0.2538217306137085,0.998702883720398,0.5276575088500977,1.6667829751968384,352,9,0.002760143758532217,0.0030196067972509707,0.002019179580359826,12.793521821159857,1.934258840054261,1.9710834152165466,0.0005301384780208905,1.429769744514456,0.6258602292777798,0.19025998172180605,0.628808864265928,0.023917054312351558,115.03882744419452,3,Homophonic Substitution,start,train,627,61,injected,1,361
34,351,0.25859391689300537,0.18688510358333588,0.9971667528152466,0.5568289756774902,1.3837053775787354,351,0,0.002353247678398786,nan,nan,nan,nan,nan,nan,nan,0.48513090564322986,0.2865860506422483,nan,nan,67.51210478826309,3,Homophonic Substitution,start,train,627,61,benign,0,351
34,361,0.25324761867523193,0.1837359517812729,0.9972127676010132,0.5565052628517151,1.3783236742019653,352,9,0.0023126797229332144,0.02972266398784187,0.0014762572112852529,9.353565690703363,1.3721314378564715,1.4043392456269925,0.013347864888987777,5.6161613983668675,0.46371980330870677,0.2940503334844249,0.6842105263157895,0.048316968191304856,67.70160101808743,3,Homophonic Substitution,start,train,627,61,injected,1,361
35,351,0.2778170108795166,0.1974969208240509,0.996483325958252,0.5663421750068665,1.4066903591156006,351,0,0.0023109897425915337,nan,nan,nan,nan,nan,nan,nan,0.5248481389721772,0.2700309094647071,nan,nan,71.85496535678408,3,Homophonic Substitution,start,train,627,61,benign,0,351
35,361,0.27629995346069336,0.19785910844802856,0.9966192245483398,0.565028965473175,1.396448016166687,352,9,0.0022708873803277893,0.0279276085137907,0.0015769771561536165,9.991727261389315,1.4260345818102644,1.4610234752571047,0.012598409680111139,5.049975488625716,0.5051959909403196,0.2768847137702962,0.7008310249307479,0.05559075082188022,72.6135576775366,3,Homophonic Substitution,start,train,627,61,injected,1,361
